f1,f2,f3,f4,f5,f6,f7,f8,f9,f10,f11,f12,f13,f14,f15,f16,f17,f18
49.28374,-9.005235,18.681406,-9.59816,-44.485016,-49.642166,-35.336758,-2.8709228,-11.322854,-19.443863,-1.1527969,-4.1753445,-21.099781,-0.9446802,-4.477669,-18.409115,-1.6102418,-4.052929
49.671722,23.128603,45.758713,-0.4539333,-23.579967,-32.295704,-3.578404,5.905384,-0.05340931,-21.762945,-1.0054237,-4.8977547,-24.89926,-1.1773449,-5.3939433,-21.654705,-1.8600239,-4.580816
56.771313,23.524527,46.68553,1.1721499,-23.36559,-31.711487,2.8230658,6.403916,1.5074518,-21.923553,-1.1165117,-4.2683063,-24.809715,-1.1413251,-5.1327605,-21.081402,-1.5013522,-4.2611465
57.267452,2.3427515,27.245548,0.19868667,-39.456932,-44.57691,-22.756678,0.2550068,-6.0475297,-19.11565,-1.0726142,-4.0165887,-20.604748,-0.8425995,-4.443896,-18.302425,-1.5545852,-4.0261827
54.555653,11.337599,34.603477,-1.5660437,-32.53831,-38.743034,-17.993107,2.6907365,-3.9525301,-20.502537,-1.3653647,-4.7886767,-22.580328,-1.0303274,-5.041685,-20.255684,-1.9086136,-4.553424
58.94231,-1.1248115,18.407785,11.556264,-38.876453,-38.25223,-11.4133,3.5845203,0.32730478,-19.437948,-1.6485881,-6.068617,-20.835815,-1.217798,-5.629277,-19.227291,-2.5340936,-5.141776
51.707474,-0.7048976,21.887442,-0.12334881,-37.79489,-41.32106,-25.225874,1.5983088,-4.2973733,-19.925007,-1.4932743,-5.2044125,-21.44383,-1.1209577,-5.104888,-19.076124,-1.9593078,-4.5397706
55.6187,17.652313,40.66295,-0.032127783,-26.72865,-34.57316,-10.520999,4.1434994,-1.6799048,-19.817286,-1.5773369,-4.5870023,-22.219517,-1.0737529,-4.9284816,-18.85638,-1.7530245,-4.2425556
44.67235,16.740107,37.76451,-3.7251232,-26.84307,-33.4256,-12.3365345,5.3575687,-0.64642334,-18.827492,-1.7285817,-5.2391686,-21.329956,-1.1544203,-5.1639295,-18.239393,-1.9688176,-4.318137
58.01983,2.8434741,28.238838,1.3828657,-37.07898,-40.841904,-19.643808,1.4810839,-3.6732488,-19.144005,-1.0750804,-4.4990206,-21.216005,-0.9605453,-4.645102,-19.181137,-1.7814339,-4.1689115
55.908142,20.129406,41.771076,6.1227655,-24.250425,-31.048662,1.5573988,6.271478,1.7730293,-19.705347,-1.4163709,-4.671947,-21.52101,-1.242008,-5.173601,-18.476387,-1.709488,-4.3111186
52.095192,-10.572256,12.778487,1.4808501,-55.448906,-58.0246,-17.09365,-10.297277,-18.549423,-18.120834,-1.0144366,-3.7737763,-19.426575,-0.8695151,-4.1887474,-16.27329,-1.391581,-3.898451
57.178463,8.12448,32.510002,-3.5687757,-37.41346,-44.1127,-18.331724,1.7544698,-4.435221,-18.491758,-0.8501242,-3.4416351,-19.393503,-0.7313287,-3.7429426,-17.09665,-1.4077826,-3.8138387
36.67496,17.89784,39.86431,-16.498566,-25.513262,-34.989243,-24.49435,3.680234,-5.41608,-19.327822,-1.1366515,-4.363969,-21.905397,-1.1075333,-4.893309,-18.516459,-1.5278311,-4.027825
50.608047,-18.589224,9.763995,-1.3581775,-53.189938,-54.360237,-24.289375,-9.620447,-16.80689,-20.224897,-1.528222,-5.325829,-22.09672,-1.1729754,-5.3462424,-20.155123,-1.9392301,-4.6849217
69.34094,20.828829,44.388866,13.67731,-26.197556,-32.467117,5.1430597,5.874147,2.2950902,-21.047909,-1.7925119,-5.2512646,-24.049011,-1.2111447,-5.2302213,-20.690462,-2.1091123,-4.5072784
55.86871,-7.9959884,13.451885,8.08855,-54.58781,-56.91605,-7.023027,-10.701541,-17.868042,-21.223814,-1.2557108,-4.65014,-22.945616,-1.1274756,-5.136151,-20.751104,-1.5483767,-4.4889283
71.53796,19.28787,43.186188,16.741802,-29.383497,-35.94096,16.315279,4.75262,0.4328834,-22.84347,-1.8419106,-5.3575034,-26.761856,-1.4648322,-5.9240265,-22.798233,-2.3232007,-4.9879484
59.354176,17.774254,41.02672,2.9392576,-28.720287,-34.765182,-6.594134,5.2333555,0.8120079,-20.066648,-0.92079693,-4.5015125,-21.745487,-1.0604074,-4.8269453,-19.429153,-1.8876107,-4.3498206
68.15402,20.231771,43.565384,12.28599,-28.272478,-34.478138,6.6261015,5.355153,1.596922,-22.046974,-1.2419149,-4.7550874,-25.224983,-1.2506155,-5.412159,-21.707273,-2.1325257,-4.5878873
39.479057,-17.768997,13.32857,-22.903028,-49.351456,-55.944176,-49.405453,-4.5451384,-19.394913,-17.810707,-1.6560806,-3.9119751,-20.263124,-0.99932456,-4.3653197,-16.843529,-1.5471416,-4.02325
59.553333,11.292294,34.35067,0.26310185,-34.354927,-40.297085,-13.170121,3.4095545,-1.6410427,-20.933723,-0.9005332,-4.0416155,-23.310555,-0.95012957,-4.649618,-20.131657,-1.5330131,-4.212557
64.61271,19.859413,41.832695,9.811305,-27.497396,-33.940193,4.6647944,6.0113354,2.2261612,-23.22395,-1.7033112,-5.964851,-26.46075,-1.3147696,-6.017533,-23.0446,-2.231096,-5.230466
47.586945,18.460108,41.03368,-6.308432,-25.351198,-33.90334,-13.264291,3.950505,-2.2438834,-21.221193,-0.9188926,-4.5651994,-23.62057,-1.0473244,-4.971827,-20.938889,-1.4408215,-4.2670126
75.802345,25.503813,49.564323,18.661148,-22.821537,-29.828756,20.16137,7.4830947,5.0299015,-22.813253,-1.4828998,-4.693909,-26.539356,-1.366434,-5.504049,-21.49775,-1.8563657,-4.3021946
65.17257,21.3551,43.74516,9.63675,-24.691145,-31.62444,3.1314201,7.351585,3.681312,-22.204018,-1.6271383,-4.973437,-26.041777,-1.3269987,-5.7980294,-21.858397,-2.0833926,-4.790457
50.216145,19.728462,41.930126,-2.8954663,-25.967548,-34.483875,-7.605539,4.4236217,-1.6902453,-21.035683,-1.175525,-4.7221155,-23.02593,-1.1103071,-5.027266,-20.23291,-1.7344946,-4.3245177
59.234016,14.659661,37.407303,0.31412902,-31.114714,-38.200603,-7.7500906,4.157804,-0.81524396,-21.394054,-1.025387,-4.4045115,-23.79884,-1.0226024,-5.0045156,-21.26347,-1.7861706,-4.4881287
54.552765,14.000171,36.14321,2.9546912,-28.347082,-34.221176,-8.77522,4.6839046,-0.856893,-19.492466,-1.547579,-5.1751146,-21.031733,-1.1108857,-5.084313,-18.489157,-1.811014,-4.158684
44.38461,15.165386,37.448475,-7.668194,-28.269978,-36.413124,-23.118786,2.7508712,-5.4686155,-18.899532,-1.4370432,-4.8508363,-21.163486,-1.03089,-4.8711367,-18.196688,-1.5992268,-4.1446795
63.056698,5.7144337,30.20572,9.837776,-37.78815,-39.964413,-9.686082,1.5101497,-3.8178675,-20.321064,-1.7971115,-5.458569,-22.676785,-1.1893573,-5.411277,-20.212893,-2.2074554,-4.972999
54.223263,-10.795999,16.073183,2.0830927,-63.17935,-66.33351,4.4651175,-22.94283,-25.92161,-19.564018,-1.1458396,-3.4892743,-20.626099,-0.89961284,-4.306962,-18.246078,-1.6883147,-4.203323
58.713703,25.834291,49.5887,1.1952335,-21.59083,-30.414488,8.303414,7.6436095,3.2318268,-19.188673,-0.90451443,-4.1477585,-22.281982,-1.0034329,-4.5251207,-18.750677,-1.5290763,-3.9997716
72.8918,24.307833,48.231167,17.350283,-24.587313,-31.31255,16.592829,4.707415,1.9785463,-22.86141,-1.2670212,-4.63772,-27.050707,-1.3900322,-5.6405864,-22.237362,-1.7720656,-4.5536785
55.14929,6.509649,30.469046,-4.3737106,-37.706947,-44.524544,-25.125576,2.4582372,-3.7661734,-19.37713,-1.0398806,-4.0544257,-20.524643,-0.8206977,-4.2005925,-17.967005,-1.4614203,-3.8834846
52.142166,-6.992804,15.610297,2.0806382,-42.426037,-43.62523,-15.482216,-2.8303745,-6.518256,-21.075138,-1.3551815,-5.6325407,-22.43804,-1.2411457,-5.3439183,-21.059694,-2.1073844,-4.6127725
59.948147,14.929437,38.97952,-1.9444281,-32.336246,-41.102642,-9.484225,4.2388186,-0.9426725,-19.361113,-1.0693945,-4.037086,-20.673424,-0.8587165,-4.292805,-18.20143,-1.6259754,-4.1556582
66.05114,12.91263,37.386635,9.416696,-33.820633,-38.690086,-3.361574,2.5526786,-2.753478,-20.635082,-1.504227,-4.5857224,-23.33543,-1.004815,-4.9827404,-20.0479,-1.8687403,-4.438617
55.828884,16.011257,37.442837,4.4936533,-27.967016,-33.49906,-7.512573,5.499906,0.39206156,-20.865738,-1.1659497,-4.9937944,-22.95009,-1.175558,-5.2426972,-20.41483,-1.9351847,-4.4379554
47.09212,-20.758293,-1.2305892,2.1253848,-69.8647,-72.88915,-18.565147,-37.61338,-46.58099,-18.4194,-0.69232285,-1.501445,-18.266966,-0.53525376,-3.2096298,-15.921776,-0.632215,-3.2216327
66.654816,15.686175,39.032417,9.664806,-31.732512,-37.537758,0.16802539,4.233947,-0.0876665,-21.93554,-1.3887004,-4.9393497,-24.273619,-1.1625587,-5.2075615,-21.3516,-1.955008,-4.5041194
51.722523,10.912338,32.8952,-2.8188412,-32.370907,-38.05069,-17.314922,2.558033,-3.388966,-18.162174,-0.8083931,-4.0419674,-19.146889,-0.8765033,-4.216367,-16.737862,-1.3411999,-3.7216442
57.109455,-5.4115963,18.69824,1.7015072,-53.506054,-56.11372,-18.33755,-6.021531,-14.887464,-19.279867,-1.5318366,-4.337942,-21.3563,-1.0235221,-4.7259097,-18.531168,-2.0387535,-4.5768275
48.685112,-17.078419,10.669913,-7.039632,-52.791103,-56.13847,-27.446949,-7.6583347,-16.373463,-19.856249,-1.3634207,-4.804563,-21.296232,-1.0758091,-4.833597,-19.270428,-1.7542783,-4.2809124
51.04161,23.700583,46.256832,-1.8201559,-23.181332,-31.185818,-4.1502557,6.254094,-0.12163853,-17.995026,-1.1282722,-3.8770776,-19.721674,-0.8493032,-4.2842183,-16.804926,-1.5173236,-3.911173
52.093086,0.22802499,22.802029,-2.8479612,-37.032013,-42.20034,-24.791765,3.464415,-2.3368564,-18.899925,-0.94755375,-4.288527,-20.843407,-1.0019046,-4.761496,-18.493145,-1.6646662,-4.2373266
51.935658,23.713303,45.78978,0.29843917,-23.271353,-31.152647,0.75254846,5.9341784,0.19706315,-19.578661,-1.3983628,-4.9368267,-21.902176,-1.0680746,-4.972628,-18.936888,-1.8597127,-4.2976465
62.316128,10.014176,34.226963,6.2882075,-34.6362,-39.668324,-8.2786665,1.8146241,-3.0881202,-19.85656,-1.3711877,-4.6945343,-22.052757,-0.9561721,-4.8205514,-19.35167,-1.8828591,-4.352676
52.516644,13.958726,37.373306,-5.1949916,-29.336777,-37.058647,-15.527619,1.7080356,-4.46856,-21.388132,-0.59445906,-3.915557,-22.709194,-0.9197501,-4.6653285,-20.407095,-1.2393336,-3.906009
72.820175,20.876617,43.98779,18.16921,-28.316782,-35.073174,17.114855,5.209783,1.5569253,-22.981115,-1.2339191,-4.810981,-26.829954,-1.344765,-5.756092,-22.350412,-1.9099053,-4.4542975
55.026512,-3.0540702,17.724905,6.9691997,-48.304398,-49.746887,3.7554786,-3.3758368,-6.955164,-21.18405,-1.11985,-4.682584,-22.281822,-1.1844356,-5.1450763,-20.098412,-1.7747369,-4.3548136
33.589638,-23.406466,5.466454,-28.924208,-51.006187,-59.653507,-49.388252,-4.2568035,-18.508566,-17.710796,-0.79926944,-3.0074952,-19.343763,-0.88571507,-3.7704587,-16.109495,-1.2383538,-3.4193213
41.200077,16.497927,37.574615,-13.391992,-28.689182,-38.594494,-23.882484,2.0663347,-7.7374783,-18.054722,-0.7106019,-3.320132,-19.898283,-0.80041033,-4.0596185,-17.193478,-1.0210282,-3.63801
41.746094,21.56804,42.92335,-11.590994,-24.206768,-33.450947,-15.481308,2.6076934,-5.3129425,-18.557041,-0.7652117,-3.4051974,-19.837883,-0.8470989,-4.1203947,-16.979357,-0.95469517,-3.5013947
54.02655,-3.7605221,20.072393,-7.288719,-42.87224,-47.98524,-32.181202,0.63864714,-7.9154067,-18.183163,-0.49054262,-3.7276602,-18.995388,-0.791662,-3.9044104,-16.851517,-1.3154603,-3.7794514
55.814037,22.714354,45.949905,0.8523215,-23.971882,-32.30391,0.38704047,5.854344,0.5438275,-22.186377,-0.8606581,-4.1217003,-24.349363,-1.1466346,-5.0837035,-21.132235,-1.5222718,-4.202425
43.52633,15.6486,37.50203,-15.920351,-29.394154,-41.48868,-23.139774,3.108031,-4.3277597,-19.451872,-0.49568915,-3.1247134,-21.072977,-0.78339744,-3.9537752,-17.92633,-1.0414718,-3.4966176
47.171272,-14.745641,8.461793,7.156646,-67.35602,-70.61807,-31.55685,-43.56512,-52.12407,-17.745562,2.207641,0.77205414,-16.656101,0.16323584,-1.6414092,-14.838005,1.4342067,-0.854297
44.188553,11.274244,32.565823,-6.7842636,-31.733942,-39.466698,-23.562767,1.769886,-6.8914204,-17.154556,-1.165057,-4.2509904,-18.335398,-0.90891373,-4.3462625,-15.575404,-1.3860358,-3.6956828
50.310993,16.820742,38.70148,-3.5783958,-26.945736,-34.787994,-10.190029,4.3792567,-1.1797911,-22.655313,-1.4297131,-5.344599,-25.757751,-1.2734483,-5.675418,-22.723152,-2.0168777,-4.820766
56.50559,23.259167,46.97159,-2.3543487,-24.000744,-32.822887,-4.700915,6.4503384,0.8872245,-19.818031,-0.86174375,-3.4311872,-21.171387,-0.8704516,-4.096563,-18.485867,-1.3101652,-3.8221815
60.52254,16.71375,39.52114,2.3990128,-29.307396,-36.07505,0.807139,5.0849724,1.0174094,-20.77548,-0.98563516,-4.2388353,-22.611256,-1.0443211,-4.6627116,-19.927105,-1.7207814,-4.2141795
63.53203,12.611351,36.340122,7.093995,-36.544235,-42.33344,-8.784417,2.2893605,-3.1226947,-22.168058,-1.092746,-3.7761612,-24.137104,-0.98665863,-4.7804427,-21.178038,-1.775943,-4.479197
62.244232,20.1413,42.84511,4.348208,-27.770943,-34.179924,-3.0484886,4.9973507,0.32093832,-19.983002,0.06966818,-2.5796523,-21.46767,-0.54534984,-3.754631,-19.289442,-0.7309528,-3.0701356
44.859047,23.383844,45.870487,-6.1269317,-22.335129,-30.486526,-7.5815253,6.4629583,0.051961027,-20.29025,-1.773766,-5.3760266,-22.927458,-1.2257587,-5.3864746,-19.819994,-2.0943577,-4.562635
51.393806,22.405155,44.669403,-7.397494,-25.700651,-35.50759,-10.9754925,5.518392,-1.2059203,-17.913975,-0.6572175,-3.0678964,-18.85205,-0.7881804,-3.6123009,-16.233099,-0.96663064,-3.4951866
50.802586,4.3358192,27.497322,-3.1506531,-35.77266,-40.900578,-25.609306,2.7655878,-4.2720795,-19.766356,-0.88254666,-4.1052084,-22.559908,-1.1550997,-4.8900657,-19.152128,-1.8556603,-4.178521
50.20697,14.28673,35.673805,0.2603347,-28.536182,-34.046265,-13.104076,3.8822196,-1.6382234,-19.300663,-1.2031492,-4.9701133,-20.306606,-1.0330002,-4.9655485,-18.865063,-1.8153757,-4.3209033
50.11662,-3.3858497,21.659416,-6.5089993,-40.32563,-45.116756,-28.199646,-0.35541913,-7.3997827,-19.780691,-1.6037823,-5.2607718,-21.578945,-1.1340107,-5.2317996,-18.942808,-1.8554287,-4.4118032
57.212456,20.554398,42.419323,4.645734,-24.541172,-31.637068,2.5357141,6.3315463,1.580207,-21.31324,-1.2386556,-4.9835067,-23.801996,-1.2146206,-5.3662415,-20.59055,-1.8223886,-4.2683253
49.794975,17.430069,38.941746,-4.9517713,-27.845963,-36.6068,-18.011698,2.906628,-4.5684233,-18.896223,-0.727755,-3.137548,-20.201128,-0.83781695,-3.9870074,-17.504171,-1.1199268,-3.7123528
63.620556,18.198307,39.987976,13.025061,-26.122965,-31.34592,6.083867,6.5406275,2.854684,-22.902596,-1.938272,-6.3058915,-26.033754,-1.4702781,-6.267156,-23.315407,-2.4537714,-5.152061
53.9594,-8.141674,12.803332,4.8375854,-62.707996,-67.14812,2.968753,-22.848118,-30.799665,-18.76565,-0.4705347,-2.2674477,-19.279593,-0.6763336,-3.470366,-15.952463,-0.6920719,-3.201538
55.55265,25.37191,48.46701,2.0941544,-21.987543,-30.221127,2.396458,7.272663,1.9838591,-21.400497,-1.5765879,-4.812704,-24.541925,-1.2501533,-5.3931212,-20.693195,-1.8584197,-4.441682
34.379738,19.20135,36.884033,-5.6639957,-22.61951,-29.520918,-7.8249793,5.8742485,0.28032476,-19.256966,-1.6688876,-6.5530972,-20.177866,-1.4648263,-5.8483114,-18.357765,-2.2430832,-4.7695727
47.89903,15.256578,33.285496,2.2966266,-26.681618,-32.034214,-7.2589397,5.3813815,0.86140263,-19.536861,-1.8163453,-6.118588,-20.490915,-1.2730086,-5.4577174,-18.599632,-2.1081958,-4.641355
41.22089,1.711528,22.50155,-10.126895,-34.114555,-39.395927,-25.19487,2.5304756,-3.358857,-19.132624,-1.2515037,-5.342446,-20.641573,-1.2275194,-5.1299596,-18.71344,-1.934742,-4.2563143
51.35729,23.509144,45.41015,0.19318399,-22.344637,-29.8487,-2.003868,6.6869297,1.0473105,-16.70039,-1.4742908,-4.4290023,-18.11784,-1.0745153,-4.5830755,-14.843541,-1.783865,-3.9029827
57.787346,27.145842,51.686066,5.5817757,-20.20371,-27.796139,10.564931,5.785347,-0.13356453,-20.249006,-1.4185859,-4.1947823,-23.446476,-1.1423382,-4.8901362,-18.705917,-1.2352175,-3.724349
58.33688,14.697424,37.035667,4.6958623,-30.94557,-35.908688,-12.24222,3.2673225,-2.3889227,-19.517975,-1.3145022,-4.4363084,-21.711287,-1.0045455,-4.8295016,-18.397985,-1.6786839,-4.0923257
54.97629,13.264475,34.666016,1.7656081,-28.928947,-37.352688,-7.7700768,4.5295377,-1.2412494,-20.155903,-0.8370087,-4.5115833,-22.41985,-1.107534,-4.872202,-19.567818,-1.4432201,-3.9780624
64.21256,19.569231,42.84249,4.6008067,-27.865398,-35.04158,0.64324844,5.4112,0.7353615,-20.232246,-0.9765405,-3.859145,-22.152424,-0.954306,-4.3723173,-19.126644,-1.6756568,-4.0468645
50.78618,21.460468,44.01843,-4.7089458,-24.64336,-32.56319,-7.2335186,6.0948453,0.9390461,-21.016823,-1.132491,-4.575729,-24.091087,-1.1327493,-5.1481314,-20.735085,-1.8304218,-4.2172766
39.38708,19.004786,40.817226,-12.998649,-26.912601,-36.985943,-29.48343,3.744535,-5.700288,-18.602253,-0.7028915,-3.3393364,-20.258793,-0.9146241,-4.330508,-17.499666,-1.0220188,-3.494893
55.188305,0.83926713,25.673265,2.7238119,-39.74441,-41.066746,-24.593119,0.6329469,-5.458447,-19.515907,-1.5758549,-5.0290627,-21.533094,-1.1704111,-5.117536,-19.035612,-2.1341002,-4.6543145
61.56473,21.468521,43.44463,5.4971213,-26.397074,-33.378353,-0.18104436,5.199053,0.7312116,-18.34134,-0.95927465,-3.64435,-20.158783,-0.80080986,-4.151396,-17.50048,-1.496225,-3.8759692
45.848736,18.246786,38.914562,-5.7619133,-26.385857,-33.640053,-11.523951,3.5622294,-2.5684438,-18.216164,-1.016109,-4.506266,-19.343344,-0.93429047,-4.5918846,-18.000114,-1.5122323,-4.1106625
53.42341,-1.6813672,23.51915,-9.1260805,-50.649826,-56.981644,-19.930548,-6.210614,-15.4247,-19.05322,-0.61177975,-2.7234845,-20.261301,-0.7627376,-3.710304,-18.085987,-1.2124593,-3.4224825
57.33693,3.95983,30.674135,4.115383,-37.197716,-41.75321,-20.90484,-1.0034406,-9.735037,-21.22765,-1.7860793,-5.12785,-24.330673,-1.2716733,-5.5137553,-21.407576,-2.2027993,-5.182928
49.982807,17.528473,39.22216,-2.2795866,-27.97824,-35.793797,-13.56692,4.5350013,-1.9765767,-19.231714,-0.9255622,-3.8876498,-20.087914,-0.9899029,-4.4293923,-17.668055,-1.236394,-3.8404193
42.46094,-33.652573,-7.767058,-4.3629365,-66.29157,-68.51269,-23.344936,-24.569376,-33.83804,-20.400751,-1.1439126,-4.1095915,-22.480722,-1.0601314,-5.0121107,-19.645267,-1.7525301,-4.2670875
53.19693,-4.5402064,18.916412,-0.17919391,-44.29844,-46.555126,-17.751144,-1.1812321,-6.3995237,-20.49682,-1.235524,-4.901281,-21.967314,-1.0737485,-4.939575,-19.599533,-1.8642664,-4.290266
58.229496,11.660646,32.842056,6.035948,-31.35838,-35.71026,-7.306203,4.2919183,0.14524356,-21.332972,-1.1513044,-4.749761,-24.242928,-1.1513733,-5.429278,-21.439253,-1.9481953,-4.5020714
63.020386,17.597025,41.365402,3.1799521,-31.522636,-39.577045,-11.128661,0.2025069,-5.6066675,-19.342129,-0.63370633,-3.0980043,-20.33131,-0.66607416,-3.9582264,-18.447956,-1.1976068,-3.7927282
58.917892,12.714736,32.998837,3.2465708,-31.391794,-36.54189,-5.3688016,6.170357,2.2393472,-18.989788,-0.9702961,-3.837753,-20.805407,-0.941617,-4.415646,-18.431181,-1.5726287,-4.0838337
58.26895,18.905647,41.586903,3.4896302,-28.323713,-34.874405,-4.9643664,5.42636,1.2823279,-18.858173,-0.773316,-3.3859549,-20.62049,-0.87534404,-4.2404737,-17.712717,-1.4543723,-3.819546
61.007,6.101868,29.705303,3.622125,-43.823895,-46.95304,-4.817267,1.6837065,-2.8690472,-18.449425,-0.83281654,-3.8323622,-19.712708,-0.88662016,-4.1824193,-17.562609,-1.7824637,-4.0655413
52.340683,8.993034,27.461628,3.6470082,-30.515491,-34.80124,-8.423134,4.176079,-0.6412622,-19.722383,-1.5709287,-5.8069587,-20.393375,-1.152776,-5.21793,-19.030909,-2.0035117,-4.5485387
47.37173,11.009451,33.986782,-10.621964,-33.311886,-42.016724,-26.254368,2.3384776,-5.4419847,-20.339983,-0.85643166,-3.915414,-22.421412,-0.96717435,-4.5366445,-19.519215,-1.5358884,-4.0503983
56.247803,2.690342,24.040464,3.6556416,-39.347313,-43.746468,-10.016167,3.5067866,-2.0858705,-20.450016,-0.9445302,-4.1435385,-22.976562,-1.0998856,-4.840866,-19.663734,-1.4028955,-3.9397793
51.878124,17.381395,37.37167,2.8877056,-27.819077,-33.76764,-9.36682,5.206705,-0.3263889,-19.29634,-1.6408939,-5.3484397,-20.38732,-1.1497087,-5.139588,-18.894947,-2.1935685,-4.774854
45.074932,24.260277,45.519516,-0.67914325,-21.44476,-28.505888,-0.4258794,7.3667707,2.2152402,-18.652128,-1.2637343,-4.983935,-20.569843,-1.1953408,-5.1463475,-18.134476,-1.7356604,-3.936069
69.48538,22.835146,46.230556,12.986626,-23.531246,-29.55501,11.417497,6.9193726,3.6048155,-22.27426,-1.3700726,-5.025673,-26.049551,-1.3444921,-5.625127,-21.91325,-2.0969026,-4.5492725
53.508232,20.861673,43.036068,1.5606128,-25.00234,-32.52185,-4.2261786,5.677973,-0.18073668,-16.807402,-1.037952,-3.0146797,-18.192457,-0.7677654,-3.8819845,-15.165541,-1.2904193,-3.563709
63.562664,23.32591,46.52303,8.663227,-23.613865,-31.21138,6.0280504,6.8927727,2.467717,-20.645157,-1.2345527,-4.4251156,-22.754248,-1.057623,-4.923368,-19.11735,-1.5757405,-4.045605
58.340946,18.108316,40.695488,1.6269155,-27.621853,-35.053253,-10.004817,4.543115,-1.2132939,-19.382286,-1.2610178,-4.1431007,-21.533707,-0.91967213,-4.445267,-18.498291,-1.7235099,-4.168282
32.514755,-5.241902,15.561468,-25.285906,-42.042652,-50.88002,-46.41284,0.10304713,-12.509016,-15.550452,-0.7174847,-2.946299,-16.884602,-0.83348346,-3.4307256,-14.395926,-1.0779042,-2.9581006
52.816162,-11.247589,12.725821,1.5300074,-65.14116,-69.41735,-1.4863092,-24.304022,-34.52951,-18.46363,-0.72067285,-2.4334033,-19.272669,-0.7213397,-3.5018399,-15.506346,-0.73615015,-3.1552103
50.364487,-6.341873,17.718334,-5.408393,-44.087772,-48.02067,-24.334345,-0.36797056,-7.497675,-19.37188,-1.184938,-4.4903297,-20.698986,-1.035076,-4.7182884,-18.406006,-1.7907124,-4.1034904
56.300926,17.740215,40.493073,0.21181306,-28.399492,-35.89645,-9.407571,3.8484168,-1.8368803,-19.668142,-1.0645789,-3.7678554,-21.617186,-0.86543566,-4.4749103,-18.330095,-1.5233786,-3.9886432
46.61086,-22.285664,2.243478,1.9659296,-68.87401,-72.0577,-2.7097592,-31.803162,-40.556065,-19.630836,-0.46057394,-1.9478004,-20.07811,-0.7772195,-3.590995,-16.290659,-0.5590763,-3.0923917
54.23855,-0.93365735,25.477613,-1.6592066,-39.096462,-43.490025,-24.62724,1.9877627,-3.8927162,-19.625866,-1.151491,-4.5449033,-21.390295,-1.0463313,-4.978145,-18.912575,-1.4340793,-4.1800866
54.608624,-2.8161755,26.055832,-6.1357656,-42.82693,-48.78365,-32.063065,-0.91232896,-9.79016,-18.488976,-1.1716179,-4.2178564,-19.802343,-0.95182323,-4.2872863,-16.42234,-1.6702069,-4.03665
58.50787,15.919225,38.696384,6.8323083,-26.397213,-31.888762,-1.6849527,5.8066707,1.5463543,-20.707005,-1.5450984,-5.5368204,-23.262615,-1.2664123,-5.661891,-20.135483,-2.0858433,-4.529699
62.20491,12.549423,37.904774,3.5804386,-33.685867,-39.937798,-9.20044,1.6650348,-3.6775565,-22.077196,-1.4751256,-4.964117,-25.37084,-1.1862864,-5.488088,-21.936579,-1.9957035,-4.8941636
51.739742,-15.449499,14.832004,-5.870187,-52.468376,-56.22663,-38.234577,-6.7940664,-17.524988,-17.579723,-0.9885117,-3.8917341,-19.709358,-0.9606239,-4.2691407,-16.121746,-1.6567878,-4.001574
51.04318,-13.967434,15.172205,-8.3110485,-56.637352,-60.63133,-32.238136,-6.7661057,-17.293585,-17.92905,-0.8914002,-3.469398,-19.375982,-0.7917061,-3.9873736,-16.305876,-1.3961471,-3.791151
55.263206,24.26421,47.087795,4.618189,-21.695415,-28.92555,7.007245,6.9758744,3.0640194,-18.996208,-1.2918376,-4.882931,-21.030684,-1.1051207,-4.7427845,-18.047356,-1.6758696,-4.0154777
58.855953,18.012798,40.3964,4.711624,-28.262644,-35.013973,0.114517614,5.6433516,1.3209473,-21.43263,-1.0251479,-4.5884824,-23.295315,-1.1028763,-5.0392346,-21.132269,-1.7439572,-4.3043313
44.8641,21.479843,42.53425,-6.8919144,-24.645943,-34.026585,-11.598462,3.336159,-3.8461285,-19.032944,-0.98126936,-4.0437245,-20.316471,-0.7727706,-4.415163,-18.164011,-1.328613,-3.868571
55.518066,-8.607846,18.322449,-1.1946403,-47.491974,-50.799168,-27.816906,-2.9087977,-10.655127,-18.799898,-1.2107079,-4.1440525,-21.070433,-0.96939725,-4.600546,-17.85157,-1.6375548,-4.071355
57.163746,19.5764,42.084423,-1.2102476,-28.946692,-37.03537,-9.199217,5.399993,0.18842554,-17.460716,-0.2330645,-2.7819617,-17.63613,-0.5923424,-3.4302702,-15.33252,-1.1993387,-3.2669897
54.593338,3.4812293,27.644495,-5.049087,-39.279934,-46.369415,-20.49507,-0.9153755,-7.884242,-20.834738,-1.2568718,-4.5338054,-22.979208,-0.9505248,-4.602603,-19.911697,-1.6584116,-4.3290024
42.73162,17.934376,39.572704,-7.995179,-25.839582,-33.860363,-16.592386,4.446309,-1.9139838,-19.864426,-1.3776222,-4.829525,-22.593763,-1.1170259,-5.0842886,-19.779879,-1.7086552,-4.293507
54.561043,18.379461,39.413406,3.5952015,-27.225822,-33.688198,-5.2020025,4.0312734,-0.82986987,-18.57323,-1.3726026,-4.532877,-19.828794,-0.98965216,-4.7059016,-17.639734,-1.5575949,-4.002219
35.02353,11.955593,33.893547,-19.535471,-29.433971,-39.25455,-33.445545,2.5357714,-7.7116737,-20.031355,-1.2453572,-4.4217668,-22.516628,-1.0766333,-4.8254814,-19.071945,-1.3950502,-3.8331277
67.08063,17.291864,41.565426,6.8113146,-31.445326,-38.472595,1.127843,3.239134,-0.88494146,-20.406952,-0.90518063,-3.9565225,-21.933683,-0.9288367,-4.3283443,-19.148258,-1.6779325,-4.1781764
58.02894,14.392867,37.504272,-1.397332,-29.59382,-36.14466,-9.043957,5.306155,1.4451501,-22.124197,-1.154846,-4.6924925,-24.382116,-1.2608043,-5.3397255,-20.81602,-1.9372143,-4.77892
57.563747,10.273007,35.510063,-4.1317477,-35.44331,-41.831078,-18.935072,3.2271025,-2.7013955,-20.005642,-1.1711066,-4.3112245,-22.01938,-0.94032335,-4.481894,-19.31274,-1.6706009,-4.2836604
60.798798,5.5738635,27.018719,8.422296,-53.355415,-58.09745,2.9578388,-11.302025,-18.386387,-20.341797,-0.60412395,-2.8577092,-21.529419,-0.797285,-4.0041013,-18.768118,-1.2675534,-3.8833163
66.16193,18.06672,41.232372,9.008866,-30.72585,-36.57655,-2.6359105,5.573952,0.90770113,-19.218672,-1.3386598,-4.055008,-20.662485,-0.91489726,-4.4870057,-18.14818,-1.7417438,-4.2766647
53.145008,-2.4709082,23.30091,-3.5097175,-43.056244,-45.657307,-31.877258,-1.7633464,-10.872523,-17.024801,-1.2810496,-4.3863435,-18.444088,-0.9347006,-4.353507,-16.411253,-1.6825778,-4.2072105
44.086143,14.477069,37.185135,-11.074526,-29.211256,-38.438007,-27.445364,3.8925471,-4.464248,-18.137861,-0.7902383,-3.50107,-19.277601,-0.8606743,-4.104504,-16.442783,-1.1822076,-3.6548324
64.664055,18.50167,42.40653,4.292417,-28.566223,-36.46592,-3.8789005,6.122647,1.7258654,-19.677435,-1.3683267,-4.1762457,-21.270426,-0.8856131,-4.3125896,-17.804144,-1.7500802,-4.077543
59.968235,19.82267,42.14487,2.5329893,-28.383371,-35.99634,4.080132,5.8684387,1.7263325,-18.351847,0.049915463,-2.2079594,-20.037464,-0.52196765,-3.6562376,-18.482113,-0.6691555,-3.040462
55.72213,23.284452,45.284184,6.8934526,-22.353786,-28.980362,3.665099,7.3304353,2.8254344,-18.250305,-1.6567199,-4.9284353,-20.405617,-1.0866816,-5.090633,-17.198538,-2.003251,-4.3330564
23.809555,2.7546687,21.420656,-30.124306,-33.747166,-45.384243,-42.511543,-2.054382,-15.229264,-17.573307,-1.8183408,-4.5514555,-19.152462,-1.1261666,-4.8337526,-16.30844,-1.5882902,-4.101004
61.61159,14.568893,39.66008,2.381237,-32.104755,-38.848873,-6.8314223,3.8699553,-0.46049732,-21.683586,-1.1696391,-4.719825,-23.802162,-1.0347462,-4.873418,-21.040668,-1.6772133,-4.491393
59.9091,8.877227,34.671585,0.7198391,-36.340355,-42.564644,-16.937956,1.9886792,-4.358593,-20.25926,-1.41131,-4.5433984,-22.366219,-1.0332747,-4.638536,-19.105227,-1.8609185,-4.4298134
58.1391,4.6364307,29.182964,1.8476464,-37.361027,-41.704674,-18.480522,0.8956691,-4.550046,-21.28207,-1.7477444,-5.5763836,-23.255993,-1.1877117,-5.3365545,-20.991873,-1.9628922,-4.8587074
56.44034,5.2300787,29.494024,-1.0486171,-37.25187,-42.57034,-19.792624,2.0421717,-4.8730555,-18.925909,-1.0635673,-4.1188903,-20.18575,-1.0209302,-4.540582,-17.926695,-1.6825027,-4.201758
67.47374,17.36562,40.335964,13.2542,-28.084034,-32.961834,7.319836,6.189564,2.9706275,-20.796764,-1.9197563,-5.527151,-23.840591,-1.2185056,-5.476255,-20.076576,-2.2441125,-4.781723
47.256958,17.493961,39.619717,-2.6591315,-27.104448,-34.410255,-15.956491,3.9235086,-2.1179557,-19.103271,-1.401366,-4.5550413,-21.549715,-0.97178423,-4.716251,-18.187689,-1.7229139,-4.2253704
49.67345,-21.264454,0.8462869,8.393389,-68.242065,-70.66859,-9.878369,-33.626305,-43.479137,-18.6492,-1.3124495,-3.2900665,-19.441532,-0.9246414,-4.404498,-16.264284,-1.2976351,-3.9455452
60.84436,16.620768,39.37074,-1.16302,-29.05739,-37.531994,-5.2549067,4.28854,-0.8265491,-20.807205,-1.0223125,-3.8106587,-22.434927,-0.8395132,-4.4262886,-19.544731,-1.632644,-4.136692
54.689495,0.22353609,27.182577,-4.106518,-41.818676,-46.208534,-29.34731,0.8653096,-7.7198653,-20.059155,-1.421406,-4.6463275,-22.548687,-1.104638,-4.939629,-19.67917,-1.8390719,-4.3377457
63.560345,11.238164,36.23635,4.7330484,-33.674023,-39.563583,-7.185318,3.4321268,-0.86152023,-19.893696,-1.4265385,-4.5183992,-21.583399,-0.931644,-4.5794477,-18.483532,-1.6955451,-4.196031
63.872135,11.533208,33.747013,7.2286444,-50.700584,-56.78319,8.339243,-6.417881,-12.970851,-20.192856,-0.6395587,-3.017746,-21.250496,-0.7336298,-3.7570004,-18.05746,-1.2278513,-3.6145508
58.17556,17.576979,39.17913,6.417324,-27.314407,-32.348488,-4.9275646,3.0685556,-1.2822735,-18.495964,-1.3248487,-4.6552024,-20.25653,-0.97244734,-4.6808195,-17.48194,-1.6850405,-4.117232
34.50242,24.068537,45.93566,-18.559555,-23.216007,-33.33538,-20.491545,4.524717,-5.530207,-13.256671,-0.9083949,-2.3903902,-13.948923,-0.58304834,-3.1171525,-11.663653,-0.68081635,-2.78583
40.284428,18.942871,40.793694,-13.504218,-24.90831,-34.56191,-21.802235,4.0449796,-3.8302567,-20.116577,-1.0043308,-4.1309114,-22.43871,-1.0966918,-4.8390713,-19.1503,-1.4563,-3.9619448
59.939064,8.038928,32.094803,-0.7024709,-37.57514,-43.106487,-20.319675,2.109058,-3.394372,-19.225061,-0.39476487,-3.42198,-20.226904,-0.73246396,-3.8776128,-17.887976,-1.5656997,-3.694093
41.831944,-30.538807,-12.255516,1.7407231,-67.83462,-69.06607,-3.566473,-24.09269,-29.841345,-18.681852,-0.25211883,-3.7023473,-19.15635,-0.96499175,-4.39167,-16.673426,-1.304923,-3.7036943
58.037033,19.616676,42.11522,2.4301958,-27.572496,-33.938126,-6.7689896,5.804427,0.7974508,-18.2889,-1.3969612,-4.0711503,-20.234163,-0.91963464,-4.4890547,-17.12385,-1.7113425,-4.201636
51.363014,-20.188114,6.5381875,-2.5610926,-57.47319,-58.357037,-25.685322,-7.676742,-15.270976,-18.768236,-1.125427,-3.711967,-20.353045,-0.9758664,-4.378374,-17.398413,-1.2818,-3.8864114
54.613853,10.187459,33.00493,-2.8524122,-33.71641,-39.556286,-21.273016,3.5437317,-2.458883,-19.994896,-1.1686695,-4.4472136,-21.548407,-1.0406001,-4.756189,-18.534876,-1.8075281,-4.3511066
47.199024,-28.271175,-7.0236306,11.85244,-68.008865,-69.39415,-25.139677,-39.613205,-48.05068,-18.157862,-0.79108864,-2.4638228,-20.234974,-0.85912293,-4.066764,-16.369253,-0.804529,-3.4990544
58.75599,8.9087515,32.978725,-0.17528725,-33.92201,-39.85971,-17.90723,3.3298767,-2.900548,-18.91113,-1.1230539,-3.677756,-20.281948,-0.83385867,-4.1446304,-17.439552,-1.52503,-4.0323567
44.741684,17.177204,38.510685,-8.512456,-28.029495,-36.409027,-19.791924,4.586145,-2.2939777,-19.217707,-0.53328574,-3.3857882,-20.803152,-0.990193,-4.4374347,-18.410366,-1.3479594,-3.6020067
59.069756,7.1384473,31.782188,0.5485007,-36.30714,-40.83197,-21.787779,3.1903648,-2.5064132,-19.695162,-1.3010231,-4.2869678,-21.573927,-1.0013683,-4.76069,-18.622843,-2.0104518,-4.3373833
58.434856,4.966792,26.811174,4.78196,-34.4233,-37.715298,-11.072095,1.3553684,-3.5245874,-20.423687,-1.2525507,-4.987606,-22.070107,-1.0146065,-5.1522746,-20.586523,-1.8040642,-4.5008554
55.058422,7.513523,30.805708,-0.8497951,-34.734768,-41.327244,-22.952293,2.0919104,-5.281816,-17.855322,-1.066593,-4.1760573,-20.109146,-0.9123459,-4.2717633,-17.65249,-1.6009574,-4.2028847
61.370453,13.794739,36.69168,4.895929,-31.506231,-37.13425,-6.620146,4.4999404,-0.013829199,-19.968208,-1.1461498,-4.1238756,-20.64978,-0.9483761,-4.373423,-18.326176,-1.6279416,-4.272118
52.929657,21.103819,43.052616,-1.4363495,-24.432909,-31.93134,-3.6779733,4.62633,-0.47766942,-19.38182,-0.5701381,-3.8516877,-21.28056,-1.0007151,-4.438683,-18.59198,-1.4880459,-3.7769916
65.11916,22.53638,46.421124,6.318153,-24.711258,-33.130444,2.5165823,5.213152,0.22219938,-22.478725,-1.491639,-4.708492,-25.122538,-1.1326879,-5.3028665,-21.817406,-1.7404891,-4.3981285
57.88407,10.690496,33.611977,2.1017287,-30.31189,-35.735806,-8.862282,4.9800954,0.23185425,-19.812786,-1.1170822,-4.4207044,-21.121326,-1.044638,-4.784859,-18.601818,-1.6391485,-4.0086985
57.66273,0.56976753,25.713205,1.935535,-43.85605,-47.658966,-11.767456,-2.7910357,-7.0587344,-20.2393,-0.82128525,-4.026119,-20.592384,-0.8985688,-4.2182856,-18.392778,-1.4737712,-4.020295
49.075645,3.1164987,24.942755,-1.089062,-35.81564,-39.502495,-24.708494,2.9184484,-3.4679768,-18.619629,-1.16109,-4.525009,-20.4747,-1.0292095,-4.9064794,-17.749846,-1.6679043,-4.2117224
62.220463,22.256678,44.543728,6.0119634,-24.326561,-32.151897,4.5650387,7.041229,2.8067193,-21.088148,-1.4741381,-4.5433335,-23.639084,-1.1736807,-5.201459,-20.573662,-1.8017477,-4.2353134
45.05432,7.6946716,29.162195,-10.408175,-34.701546,-41.937435,-29.035105,2.4803247,-6.074961,-17.913681,-1.0736156,-3.8543873,-18.83252,-0.94259655,-4.1800156,-16.30957,-1.372915,-3.7390983
61.57753,15.989492,39.561657,2.8054357,-30.051594,-36.068493,-7.3563848,4.083619,-0.5889047,-19.471632,-1.6411455,-4.623198,-22.589691,-1.0671555,-4.987871,-19.573462,-2.108416,-4.573633
53.12123,-2.2813933,23.270853,-1.1056771,-48.419716,-52.03228,-21.046112,-4.147872,-11.87297,-18.163015,-0.671599,-3.4672973,-19.560745,-0.8166361,-4.158502,-16.782818,-1.3661301,-3.6748984
57.196793,11.738164,34.86283,-1.1087867,-34.367733,-40.75715,-14.049267,3.7768173,-1.5818413,-19.11893,-1.0134238,-3.810721,-21.225946,-0.98136777,-4.3694696,-18.773262,-1.6712486,-4.2295794
60.577663,17.407398,39.69228,3.3896513,-29.8475,-36.803814,-4.5844383,4.7034307,-0.3813371,-19.649048,-1.2917403,-4.484594,-21.775932,-0.8979409,-4.518416,-18.912237,-1.7675127,-4.308345
68.78008,15.699379,39.51224,7.443388,-32.241993,-38.91481,3.3495934,4.1373167,0.4161765,-20.30213,-0.8886507,-3.817613,-21.069208,-0.87837577,-4.076803,-18.68791,-1.6449593,-3.9862607
37.550507,17.603565,39.67208,-12.988139,-26.001835,-35.06795,-25.114244,2.6053174,-7.951915,-20.19779,-1.131323,-4.5790815,-23.223988,-1.1314526,-5.176812,-19.906908,-1.5935698,-4.1306777
49.459934,7.989597,29.482565,-2.146356,-32.718765,-37.60022,-18.090303,3.4622185,-2.4835522,-19.794228,-1.4680575,-5.4736876,-20.983124,-1.138511,-5.075104,-18.83747,-1.7132782,-4.3950987
55.490276,9.489743,33.12911,4.065362,-31.288778,-35.52156,-11.981631,4.0596356,-0.8818674,-20.147715,-0.94122475,-4.4032345,-22.098845,-1.0675117,-4.963565,-19.710192,-1.5504394,-4.0929837
60.752075,6.1893654,28.422598,4.091469,-39.127678,-42.67222,-10.042057,3.2511756,-0.45751634,-19.977955,-0.8046956,-4.267506,-21.643452,-0.9091895,-4.552201,-19.664667,-1.817618,-4.2708483
60.34192,12.018472,35.100636,6.0194116,-32.097897,-36.263058,-13.194365,3.00163,-1.8030722,-19.574415,-1.0853051,-4.0852175,-21.557459,-0.9165665,-4.7083726,-18.24744,-1.5686412,-4.1379867
66.11001,18.473906,40.377193,12.346881,-26.458895,-32.22444,8.909679,6.432157,3.6175523,-22.57337,-1.0816334,-4.8898635,-25.042076,-1.3660235,-5.483986,-22.056887,-1.9735237,-4.5459685
63.670452,12.911815,36.42679,2.7675488,-36.237267,-43.59814,-0.32166067,3.111613,-1.0442265,-20.830704,-0.56659156,-3.48676,-22.76444,-0.79617536,-4.222316,-19.783104,-1.4419173,-3.7594934
67.448906,25.754894,49.8892,10.203425,-22.076387,-29.915194,14.7499275,7.776499,4.3461027,-23.678709,-1.3438224,-4.8574724,-27.760637,-1.3528593,-5.7085505,-23.246687,-1.7713796,-4.416867
54.92253,-0.13128662,24.320238,-0.35581198,-39.902695,-43.83527,-25.97852,0.7328386,-5.780077,-19.359997,-1.1549685,-4.402855,-21.358353,-1.0332181,-4.627506,-18.761581,-1.8076724,-4.282926
53.33263,16.841934,37.6371,1.0538561,-27.7589,-35.529373,-8.848048,4.6498322,-1.0472602,-19.279425,-0.8674829,-3.850322,-21.134583,-0.9517543,-4.5031714,-18.602785,-1.4199896,-3.7242808
54.547195,24.093542,46.472893,4.8423963,-22.242361,-29.696611,6.3317327,7.2099843,2.4337206,-21.189432,-1.651317,-5.4462094,-24.02174,-1.3398768,-5.5490456,-20.727133,-1.9767194,-4.4162107
48.792107,-6.7683845,18.127104,-17.237411,-44.011646,-52.4783,-33.69232,-1.0631553,-10.541208,-18.334888,-0.8503647,-2.8451269,-18.910513,-0.72203994,-3.7004008,-16.308523,-0.9727634,-3.533134
49.109386,-23.169807,-6.4351196,10.612085,-70.34472,-73.47766,-3.6976058,-39.50696,-47.89414,-16.704554,-0.31209058,-1.2680182,-17.828634,-0.45032486,-2.8877733,-13.727155,-0.2747876,-2.7294178
57.332375,0.7241568,27.452452,-0.9181854,-41.912334,-46.544464,-29.05093,0.35776514,-7.297002,-19.330727,-1.4066806,-4.079888,-21.046434,-0.87912935,-4.333102,-18.376144,-1.8099375,-4.4626307
54.670784,23.559261,46.19785,-0.42499766,-22.954107,-31.245975,1.7023286,6.078427,0.79987156,-19.086956,-0.5372446,-3.6750352,-20.507746,-0.9481196,-4.2669516,-17.561672,-1.2339232,-3.624193
43.868637,-41.91,-32.62073,7.4047127,-61.5818,-59.301537,12.285261,-12.147187,-14.063978,-20.917051,-0.79171336,-4.2408876,-20.143625,-1.1201639,-4.933459,-18.915606,-0.63333267,-3.6846516
33.561623,23.448126,44.395885,-14.852288,-22.896854,-32.36627,-17.119259,5.3430395,-3.1512306,-16.877508,-0.72713,-3.285384,-17.968481,-0.7996288,-3.913022,-15.020966,-0.9082226,-3.2957134
63.26643,11.05118,28.456882,19.311945,-30.385248,-32.307255,9.056704,3.6648667,0.5090808,-21.785551,-2.1130836,-7.016258,-22.460123,-1.6260358,-6.4673033,-21.02391,-2.7323222,-5.64415
23.445894,21.6475,41.71598,-23.319208,-22.828575,-32.602364,-34.57636,4.043274,-6.28047,-16.235626,-1.0986398,-4.051041,-18.274662,-1.0696499,-4.444286,-15.365279,-1.329572,-3.664209
60.20976,15.144263,39.067028,-2.2990057,-34.07958,-41.58161,-11.085881,4.2289796,-0.29141375,-20.327425,-0.5828316,-3.177069,-22.266539,-0.85340255,-4.0876436,-19.05778,-1.3061734,-3.820137
47.642372,-20.025476,6.0186954,-11.056503,-60.93389,-66.039665,-24.732277,-15.87137,-25.50872,-18.457401,-0.5476701,-2.9241107,-18.328733,-0.6771678,-3.5466964,-15.978546,-1.0993131,-3.4889092
43.99886,16.260445,36.965546,-9.299263,-28.990963,-37.337357,-24.823858,3.2577102,-4.540741,-19.354101,-0.99212825,-4.029917,-21.543903,-0.9452827,-4.603636,-19.057142,-1.7441747,-4.1476326
56.955883,18.787556,40.141144,5.0124073,-27.310617,-33.877045,-5.2259884,5.3640623,0.3862735,-20.36926,-1.5963026,-4.899494,-22.758848,-1.1663516,-5.2201586,-20.332327,-1.9703281,-4.636872
60.73442,4.7282643,30.495644,6.1726775,-38.004303,-40.74147,-8.382143,2.1800284,-1.4239254,-20.807451,-0.94257116,-4.4403577,-23.210072,-1.0995909,-5.1232734,-20.998346,-1.8822671,-4.409941
36.281376,19.991205,39.820347,-19.088541,-26.315042,-37.942863,-28.206093,2.6836996,-7.672106,-15.4311495,-0.57330006,-2.6984124,-15.436727,-0.5303871,-2.8700204,-13.191313,-0.74082,-2.817897
56.490692,14.346691,37.40132,-1.0336155,-29.59841,-36.14621,-8.329252,3.7514877,-1.4335701,-19.931358,-1.0609069,-4.2206626,-22.31964,-0.960032,-4.6382284,-18.931976,-1.7276716,-4.0906167
57.29413,-3.6966498,24.417524,0.17317134,-44.175594,-47.021606,-19.407442,0.22689651,-5.0380964,-20.166838,-1.0639,-4.0943594,-21.946726,-1.048994,-4.663833,-19.08654,-1.5388279,-4.054754
62.71239,12.09827,35.57751,4.5703645,-34.789215,-40.226345,-3.003174,2.943055,-1.7958603,-21.85911,-1.3578359,-4.8296366,-24.755293,-1.1629742,-5.196589,-22.302862,-2.153772,-4.7757034
51.89953,21.783197,42.908787,-2.6314232,-24.945204,-33.66372,-2.2625353,5.9739,0.19663036,-17.446575,-0.12246452,-2.4764495,-17.608923,-0.62695277,-3.2053256,-16.32204,-0.75287193,-2.8278966
65.04354,15.073269,38.816444,7.1562595,-31.575977,-38.1582,-2.8248444,3.3632336,-0.9469336,-22.050274,-0.992338,-4.41139,-25.179081,-1.1654947,-5.136826,-21.616104,-1.7216269,-4.443936
52.530033,14.386836,37.58608,-2.4764419,-28.796963,-35.27673,-11.612898,2.2328389,-2.610008,-20.471195,-1.2741995,-4.9958487,-22.596893,-1.0902683,-5.140609,-19.818035,-1.604859,-4.448219
64.64458,12.593089,37.7204,6.5670366,-33.340115,-40.361973,-8.230754,1.8250064,-4.242336,-20.2443,-1.7470928,-4.6422358,-21.815567,-1.010349,-4.77038,-18.751812,-1.8709635,-4.410643
60.92629,13.012753,37.368774,3.4189222,-30.894997,-37.834755,-7.332917,3.5902498,-0.7463211,-20.878357,-1.4251788,-4.796559,-22.836744,-1.0453002,-4.8933487,-19.957697,-1.9660994,-4.5864367
55.17157,16.59757,40.328796,-3.0730376,-29.015585,-37.24114,-11.136602,4.476594,-1.1709675,-19.883543,-1.0458168,-4.1370277,-22.164606,-1.0109005,-4.6396103,-19.076027,-1.6244477,-4.1952186
46.90632,26.001066,49.283184,-5.344298,-21.138853,-29.822449,2.7081418,7.392323,1.9475087,-17.667843,-0.78533536,-3.188884,-19.804752,-0.88004696,-4.0209074,-16.513203,-0.88717145,-3.364772
40.719704,-16.311966,9.365588,-20.9918,-48.321606,-55.141975,-44.517284,-3.6681018,-15.545998,-18.115257,-0.946413,-3.473454,-19.506672,-0.8578065,-3.745828,-16.387829,-1.4255246,-3.5046647
50.359367,-11.284348,11.699925,-5.1462073,-61.318806,-65.167206,-26.209595,-20.445692,-31.146196,-19.297598,-0.2985308,-2.206112,-20.382101,-0.67666274,-3.6864486,-17.519674,-0.88719964,-3.615996
50.000862,11.349897,33.883682,-5.461002,-31.689873,-39.011616,-16.676874,2.989792,-3.4831345,-20.249943,-0.93651646,-4.165406,-22.3895,-1.0922906,-4.7757373,-19.854431,-1.5850888,-4.1489077
48.827194,11.726044,33.574005,-6.408146,-30.747684,-36.968967,-19.260096,3.7937088,-3.7836266,-17.563969,-1.058905,-4.14813,-18.757586,-0.98999363,-4.3136563,-16.199516,-1.6665843,-4.0146008
69.23002,19.5407,42.378548,10.992495,-27.078083,-33.26368,6.782085,6.387409,2.8451223,-20.40845,-1.240552,-4.176893,-22.830528,-1.0831326,-4.957484,-20.241497,-1.8375556,-4.2790365
54.509773,-6.9332,17.202362,-0.6677639,-52.525734,-55.33826,-25.365267,-5.8806925,-14.17825,-17.625444,-0.7952362,-3.5075517,-19.059044,-0.88300794,-4.0424232,-16.17945,-1.8246834,-4.022572
35.169117,15.16559,36.93731,-22.241955,-30.392988,-42.664867,-37.34912,1.4112664,-11.911458,-16.316122,-1.1471438,-3.1682322,-17.48768,-0.80021983,-3.7326725,-14.347064,-1.052071,-3.34691
61.374798,21.753155,44.356102,3.3318467,-26.441668,-34.960052,-1.6752895,4.538347,0.30360848,-20.666656,-0.58728915,-3.3605363,-21.576214,-0.83938354,-3.9380016,-19.757746,-1.4345021,-3.8758192
61.513187,12.9583845,37.414143,5.2813997,-30.180277,-35.33961,-8.804637,3.1623347,-2.12831,-19.321442,-1.7518289,-5.3272114,-21.799017,-1.1011504,-5.2198863,-19.228546,-1.9867873,-4.496175
59.263844,10.654654,30.826693,7.8046308,-31.243786,-36.790386,-2.9321024,4.157659,-0.45705724,-21.845764,-1.6410346,-5.5648127,-24.261353,-1.1256297,-5.393256,-20.327791,-1.782705,-4.5431576
71.2207,20.122887,44.19807,16.041393,-30.641846,-37.234577,9.794657,3.8271403,-0.748938,-22.629547,-1.7162322,-5.3156447,-26.49757,-1.3694631,-5.7570333,-23.07559,-2.418187,-4.833244
72.96802,23.124058,48.0682,9.985045,-25.5675,-34.32385,10.54579,5.896557,2.6624544,-22.759077,-0.7346036,-4.002186,-23.871983,-1.0110296,-4.7007413,-22.10301,-1.6687452,-4.279705
48.00718,14.63816,35.746933,-3.2838519,-30.851303,-37.46201,-23.732695,3.389597,-3.8474774,-18.984238,-1.4167306,-4.924988,-20.762186,-1.1152582,-5.031798,-18.819744,-1.7124691,-4.227853
32.31296,20.497593,41.75677,-15.431964,-23.693857,-32.819176,-26.874878,4.7038684,-5.174959,-14.899667,-1.7151297,-4.003735,-16.254623,-0.94725466,-4.19564,-12.508742,-1.399386,-3.6049542
70.43228,24.251005,48.991585,10.5475855,-24.144556,-32.529613,11.320551,5.687466,2.3049858,-23.926176,-1.1326886,-4.826039,-26.638706,-1.1753467,-5.2433624,-23.211134,-1.6760632,-4.3939896
58.84761,12.029425,35.030807,3.5657706,-33.566887,-38.348244,-12.157508,3.366501,-1.4124726,-20.153358,-1.1319996,-5.0812297,-22.920765,-1.1091862,-5.0778933,-20.16854,-2.1476438,-4.6409435
49.873764,18.656376,40.20178,-4.3012805,-25.900307,-33.92926,-14.225406,3.5674138,-2.9983444,-20.819353,-1.3344434,-4.90425,-23.019024,-1.0596774,-5.059811,-19.376173,-1.473472,-4.0971303
38.429287,22.451046,41.51048,-5.1823087,-23.088148,-30.4169,-10.311965,6.107772,-0.76192784,-15.18879,-1.675073,-4.8714414,-16.47895,-0.980191,-4.397088,-14.12764,-1.8528408,-4.127344
71.57151,22.964483,46.568092,13.8938675,-26.104292,-34.009304,12.987888,6.7320175,2.9248772,-21.197166,-0.83956057,-3.7402234,-23.095356,-1.0339793,-4.7059402,-19.273718,-1.5471102,-3.9801712
66.32553,25.21818,48.751705,13.129179,-22.20329,-29.009373,14.430956,7.1963677,3.8612862,-21.575111,-1.3506746,-4.718159,-24.839968,-1.229219,-5.478784,-20.924498,-1.614592,-4.3998914
64.10452,12.344459,35.484417,3.8944185,-34.128773,-40.648792,-3.6763911,2.9842618,-1.248619,-20.378798,-0.8360878,-3.9016044,-21.619085,-0.89715356,-4.3381147,-19.240517,-1.565124,-4.1032453
57.013054,0.63649374,27.667635,-2.9065173,-39.036736,-45.610676,-28.306673,1.0095856,-5.616116,-20.331732,-0.8384762,-4.300149,-21.602846,-1.0058836,-4.5563025,-19.425177,-1.5281419,-4.0617948
60.73825,21.496677,43.252483,9.243289,-25.490377,-30.628407,7.2469687,5.280656,2.7751276,-17.576038,0.5202744,-3.20254,-19.4639,-0.37389484,-4.1042385,-18.325294,-0.29235676,-2.8800175
64.65254,19.766878,42.456486,11.008124,-26.144928,-32.256565,1.9472594,5.729531,1.8169596,-22.76411,-1.1557361,-4.747294,-26.334282,-1.2647368,-5.707755,-22.71423,-1.9088051,-4.5509458
68.57543,20.85381,45.382027,11.149324,-26.525171,-33.38849,8.043012,5.7351785,1.6260505,-22.477318,-1.3958458,-4.8328047,-25.541147,-1.215125,-5.3981433,-21.621998,-2.0314941,-4.570975
69.24855,23.01139,46.179623,14.39898,-24.09537,-30.650148,12.414761,7.5649123,4.022792,-22.512653,-1.6802093,-5.47763,-25.961819,-1.3827615,-5.8339233,-22.014978,-2.0879483,-4.4538493
64.45645,19.146418,41.957912,2.9533708,-29.616722,-37.997707,2.0507045,3.8067274,-1.1739364,-21.231256,-0.5755701,-3.1809642,-23.116186,-0.80997604,-4.203786,-19.974468,-1.3106153,-3.8338006
39.85322,-25.779343,5.838592,-17.744942,-48.67697,-53.755154,-41.26679,-13.904791,-24.64128,-20.156395,-1.5313982,-4.489718,-22.67891,-1.16832,-5.27421,-20.227848,-1.8370643,-4.492305
54.890335,8.931671,33.58755,-2.5350595,-32.447384,-39.352695,-16.853678,1.0131186,-4.907867,-22.018524,-0.78193724,-4.2137785,-24.36401,-1.0646491,-5.031111,-21.785536,-1.7697524,-4.1588116
49.05919,13.777939,34.990295,-3.6260614,-29.469614,-36.866257,-22.182692,3.1529176,-3.9373927,-17.94122,-1.1723405,-4.4734616,-18.893736,-0.91044945,-4.3857093,-16.987059,-1.403472,-3.9094002
48.78306,-20.854984,4.834383,-5.3445115,-51.603413,-53.29193,-39.01812,-3.3399022,-12.710303,-17.436459,-1.1131052,-4.3220153,-18.882896,-1.0751249,-4.6304793,-16.299372,-1.7450314,-4.079256
48.622715,-10.153342,14.599558,-3.6341944,-44.97809,-48.85857,-24.211706,-3.635112,-12.212783,-19.17534,-1.2144107,-5.0652065,-20.646692,-1.1169701,-5.125798,-18.791502,-1.9223081,-4.2804704
67.61413,19.19486,43.206017,6.4554005,-32.213284,-40.5597,3.7399387,3.3844478,-0.5939768,-19.990088,-0.60647655,-3.0205886,-20.818382,-0.6509031,-3.7528987,-19.186646,-1.1917337,-3.745974
51.889027,23.877182,46.329174,1.5162208,-23.909054,-32.52301,-6.635564,5.565786,-0.17236401,-21.225769,-1.4372112,-4.627795,-23.570637,-1.1548792,-5.137572,-20.3023,-1.9779935,-4.50799
53.333668,-9.048253,17.422743,-1.997852,-47.390743,-50.579678,-23.485407,-2.497784,-10.2126665,-19.904696,-1.0858022,-4.5546646,-21.49545,-0.99803764,-4.89205,-18.966587,-1.6816219,-4.1730075
65.24596,19.38993,43.021885,6.6635795,-29.565199,-37.14486,1.2365291,5.3049493,1.8386315,-21.317,-0.74434704,-3.6712854,-24.493242,-0.9318684,-4.513724,-20.575434,-1.5703166,-4.0781074
56.42144,20.694458,42.94882,7.512479,-23.452177,-30.271532,6.110597,7.104879,3.1821873,-21.488579,-1.4337767,-5.6451044,-23.85926,-1.4331805,-5.7354145,-20.992212,-2.006022,-4.691358
59.232655,13.627516,37.71376,3.3731835,-29.616562,-35.144325,-6.2318015,4.851453,0.101456895,-19.918262,-1.3746665,-5.178641,-21.955818,-1.1094732,-5.0633893,-19.663788,-1.9266409,-4.4942713
62.736717,13.085017,37.86335,2.5863323,-33.967937,-40.664375,-8.490563,2.773457,-1.9079895,-20.683168,-1.0926894,-3.9909894,-22.507526,-0.97251385,-4.4699225,-20.074528,-1.8378184,-4.466238
62.20659,23.983723,46.756153,5.805065,-22.795929,-29.938951,9.852008,6.8919697,3.2362578,-21.613194,-1.5878302,-5.2621856,-24.450499,-1.239477,-5.4893823,-20.939697,-2.0867262,-4.5347805
54.351147,17.052174,39.10393,-2.1261625,-28.337006,-36.017937,-6.430604,4.5113916,-0.62915415,-20.484875,-1.0622605,-4.59712,-22.207985,-1.0224218,-4.7178636,-19.812834,-1.7342209,-4.155287
66.473305,18.197382,41.167267,6.976441,-31.472393,-39.441868,2.7034988,3.9086123,-0.14901759,-20.143972,-0.7494724,-3.3418968,-22.365095,-0.8287812,-4.2207146,-18.779667,-1.5931249,-4.1713686
64.228645,20.870491,44.163902,8.583177,-25.570974,-33.20983,5.997712,6.790335,3.2186327,-20.134548,-1.1812356,-4.103341,-22.3168,-1.1132107,-4.7653594,-18.19211,-1.6528124,-4.1048594
56.60174,-2.6753252,16.31054,9.329594,-35.202972,-36.35665,-14.115564,3.1253154,-1.0787406,-20.704876,-1.9247985,-6.4694657,-22.010048,-1.341396,-5.7074003,-19.904165,-2.2695122,-4.858804
49.04047,20.555002,43.14938,-2.6435487,-24.909885,-33.117153,-9.710773,4.774442,-1.8077803,-19.185871,-1.1468458,-4.718357,-20.749586,-1.0698546,-4.8707075,-18.214907,-1.7173029,-4.1489854
52.570934,9.37361,33.76744,-6.246438,-33.873096,-41.70341,-24.605598,1.9651923,-5.256378,-19.217495,-0.9035438,-3.8669097,-21.345129,-0.9143322,-4.350419,-18.45469,-1.6629326,-3.9868157
57.364094,14.8978615,37.875317,2.255957,-29.072704,-35.695324,-4.9673715,4.806656,-0.023194866,-20.96543,-1.3027934,-4.9167495,-22.600414,-1.1929375,-5.1182137,-19.847105,-1.8577372,-4.3742633
62.923336,20.324076,44.65241,2.9578235,-27.227049,-35.977547,-4.938042,2.09099,-3.0977628,-20.702068,-0.6548604,-2.8055372,-22.256845,-0.7528779,-4.2025023,-19.268831,-1.0459548,-3.7368076
50.590183,17.17824,36.97925,-0.8251735,-26.882769,-33.74789,-8.852805,6.0633426,0.9468181,-19.663866,-1.0638198,-4.333468,-21.569235,-1.0428437,-4.7936573,-18.990675,-1.5931773,-3.9387689
54.39495,15.231544,35.7386,-1.9941349,-29.25087,-36.890984,-9.056678,4.236282,-1.6697606,-17.35341,0.028159473,-2.5083582,-18.116182,-0.6166421,-3.3802683,-15.933051,-0.7183931,-2.991334
58.316093,10.456666,33.535076,1.681175,-33.169384,-38.04381,-16.41573,0.07064361,-5.7048078,-19.04514,-0.5840909,-3.7522094,-20.94263,-0.74053615,-4.2493043,-18.471601,-1.361185,-4.031506
54.77082,-0.030475354,19.642483,7.5801635,-31.68262,-33.76392,-7.6669917,4.3498,1.6898952,-20.024044,-1.9439087,-6.305722,-20.336931,-1.3950304,-5.6563444,-18.263441,-2.0972135,-4.792248
67.80555,19.905622,42.8582,10.425154,-27.268654,-33.690056,8.901723,6.3488793,3.218851,-22.79309,-1.262956,-4.7228236,-26.081083,-1.3424265,-5.575754,-22.708033,-2.0478432,-4.459051
57.01318,15.0654545,37.073162,1.1813908,-29.091566,-35.922615,-7.7184114,4.630762,-0.5897035,-20.603106,-1.1720955,-4.520523,-22.103483,-1.078407,-4.811079,-19.316675,-1.6117425,-4.321675
50.24344,23.185514,46.294373,-0.87133884,-22.531157,-30.558306,-4.5741735,5.668945,-0.76279545,-19.578447,-1.3095831,-4.506124,-21.830263,-1.0785393,-4.924543,-18.584442,-1.4208047,-3.9691029
63.526722,21.726822,45.167522,8.0608835,-25.534246,-33.020714,5.0018454,6.8392625,2.9006672,-20.74076,-0.9371643,-4.1407466,-22.900898,-1.1411215,-4.780669,-18.856085,-1.7195272,-4.1704745
58.935646,19.409546,41.74601,4.8294296,-25.149172,-31.85158,-0.53050745,5.922633,1.414604,-20.76772,-1.621088,-4.949119,-23.128426,-1.1831695,-5.237874,-19.70503,-1.836647,-4.377561
62.952995,10.508091,33.64099,5.624254,-32.759785,-37.924854,-0.14006484,5.1942515,1.5302541,-20.440908,-1.27251,-4.5960665,-22.336966,-1.1210295,-4.9112053,-19.353182,-1.8052484,-4.294647
62.506046,5.642679,25.291182,7.7128334,-55.334106,-60.278248,13.335582,-8.977681,-13.813905,-20.140955,-0.5704047,-2.9203405,-19.689232,-0.60093397,-3.3235795,-17.870422,-0.8571641,-3.3936474
48.558464,18.218332,39.636974,-3.0334566,-27.16965,-35.959568,-12.975892,4.229175,-2.7161124,-17.988966,-0.7202342,-3.6910331,-18.966022,-0.8486325,-4.08341,-16.695417,-1.2518153,-3.6178384
56.09342,-4.871047,20.907522,4.552557,-48.207855,-51.174995,-15.027073,-6.027886,-13.12943,-20.907124,-1.5097789,-4.863736,-23.43205,-1.1607448,-5.2998667,-20.199398,-1.850804,-4.678658
67.09164,17.89654,39.854275,10.822414,-29.285591,-34.93586,5.8270206,5.5989633,1.8338971,-21.116365,-1.3545564,-5.1259503,-23.411613,-1.235957,-5.0337987,-20.254566,-2.0278518,-4.621597
62.15681,17.94252,40.623344,6.7710958,-25.685839,-32.054966,2.0076642,6.5821567,2.6460347,-20.766922,-1.3468889,-4.5840926,-23.421791,-1.081577,-5.096551,-20.052774,-1.6518227,-4.330341
51.08307,8.555806,30.917627,-4.6305623,-33.138542,-40.094585,-20.34073,2.6145701,-3.664971,-20.524738,-0.9371361,-4.335815,-22.76387,-1.013512,-4.789027,-20.011421,-1.533499,-4.099265
49.256016,21.4293,43.840027,-1.197532,-24.862585,-32.198956,-8.397439,6.3809667,1.5762957,-17.455238,-1.059517,-3.9551058,-18.835234,-0.88677955,-4.105423,-16.073265,-1.3709037,-3.6115267
54.420135,6.004989,30.456676,-3.8363566,-35.869694,-41.927547,-18.229572,1.0042684,-4.534413,-20.653425,-0.9422106,-4.5171947,-22.516256,-0.94035715,-4.680751,-20.344757,-1.5290467,-4.1349587
54.901997,17.891415,39.27006,2.5585818,-26.45059,-32.893738,-4.312483,5.381847,0.70462734,-18.761547,-0.7081952,-4.00649,-19.52567,-0.86341554,-4.3466206,-17.76089,-1.4436463,-3.775755
59.040897,8.17644,29.237059,9.031011,-31.327215,-33.61688,-2.083232,4.812925,2.2464578,-22.272688,-2.1004522,-6.859932,-23.379177,-1.5218886,-6.323792,-22.601421,-2.749618,-5.5747237
49.221416,10.669852,35.297585,-8.085594,-31.81163,-39.488758,-22.28527,2.1341863,-4.770753,-20.565357,-1.1432973,-4.5198236,-23.253944,-1.0811251,-5.0401363,-19.88844,-1.6054305,-4.225484
54.49005,-14.629313,-0.63841367,16.645,-58.74662,-57.71285,12.676679,-15.599462,-21.020233,-23.113052,-2.1868525,-6.910753,-23.73807,-1.5459558,-6.465192,-22.233232,-2.4082375,-5.202953
49.54872,8.287852,29.043856,-0.096634254,-31.512331,-37.036785,-22.947021,2.3842182,-3.0518668,-19.073805,-0.96109563,-4.4559026,-20.455467,-0.95409644,-4.584751,-17.810068,-1.3938524,-3.8698173
60.88811,0.5724812,24.536911,5.7451077,-49.812916,-53.371708,-1.498373,-5.4221597,-9.943722,-21.044,-1.1068864,-4.420354,-22.843666,-0.9973351,-4.6884594,-19.591728,-1.779556,-4.3974824
41.634174,14.446908,36.285442,-16.305946,-27.977633,-39.259346,-25.662853,-0.96436375,-10.142394,-19.349144,-0.89259833,-3.59345,-21.100748,-0.86713105,-4.181692,-17.652235,-1.1220679,-3.5219536
52.51465,-4.783299,18.162561,4.393483,-41.601784,-41.695705,-19.583689,1.3234847,-2.813998,-19.558548,-1.7002177,-5.6726165,-20.677256,-1.2458651,-5.1934276,-18.675049,-2.2813377,-4.646552
37.60831,22.577814,43.9899,-16.563343,-23.471262,-33.309105,-19.733032,5.7935486,-1.2449423,-18.99888,-0.75037885,-3.4077306,-20.438477,-0.9227639,-4.2489805,-17.59705,-1.1730407,-3.6047678
62.991695,3.4901814,27.54832,10.307014,-45.282646,-48.461098,-1.9511404,-2.9780915,-8.823285,-19.538008,-1.4459753,-4.514215,-21.565704,-0.9699046,-4.718437,-18.783838,-2.0335488,-4.4422255
50.81808,16.80104,38.17831,-3.142671,-27.67045,-35.204388,-10.706926,4.680055,-0.8932373,-20.308208,-1.2843766,-4.778424,-22.461828,-1.0832714,-5.121568,-19.998924,-1.5958395,-4.174215
34.46188,19.430105,39.40775,-15.55914,-24.544985,-35.09163,-21.817047,2.2878792,-8.052322,-18.940874,-0.82708675,-3.6131947,-21.07648,-0.9412113,-4.6119924,-18.095442,-0.9048693,-3.4603684
65.53698,12.763048,36.725403,8.598347,-37.156593,-44.198437,2.6079404,1.2886795,-4.101044,-21.078253,-1.183654,-4.188111,-22.96988,-1.0593127,-4.7236075,-19.73448,-1.8013245,-4.3601637
47.25862,10.947625,33.33118,-3.52925,-29.933441,-36.34832,-20.111618,2.3141193,-4.3033333,-18.78694,-0.6290932,-3.7456558,-19.895716,-0.81756055,-4.3828406,-18.034998,-1.2607157,-3.7001593
39.471203,23.001461,44.834454,-9.936161,-23.371939,-32.59299,-19.272614,4.3344736,-5.7509246,-14.934902,-1.3582541,-4.0221577,-16.779894,-0.8560441,-4.0529594,-14.054731,-1.3906708,-3.6711595
59.44346,5.1970086,30.188482,2.9424727,-36.29637,-39.837765,-16.556116,1.8938878,-2.55417,-20.215578,-1.5260423,-5.0075274,-22.58836,-1.1310006,-5.096391,-19.870087,-1.882211,-4.424356
61.81128,13.325132,35.251884,6.646534,-32.060055,-36.19568,-5.8138094,4.7875423,0.90593153,-20.413153,-1.0631267,-4.399154,-22.868353,-1.0784502,-4.9991302,-19.819147,-1.895815,-4.4800935
60.950188,9.703482,33.710514,4.515499,-37.225883,-42.209423,-8.884484,3.077781,-1.63719,-20.462776,-1.140755,-4.1472154,-22.345577,-1.0242413,-4.556103,-19.834421,-1.9138649,-4.2868814
39.30904,24.74224,46.643276,-13.702794,-21.81299,-30.973572,-14.584485,6.0227766,-1.911563,-14.665901,-0.77088475,-2.8616896,-15.756371,-0.7278382,-3.331691,-12.376665,-1.0167218,-3.115815
49.74431,24.360323,47.34063,-3.737606,-21.810915,-29.898012,-3.0947397,5.931407,0.2702897,-19.152098,-0.8257733,-3.9043849,-21.205462,-0.92843634,-4.4244123,-18.0687,-1.2575548,-3.7722077
55.311634,12.86115,36.69837,-0.40822446,-32.03186,-37.840218,-20.333729,3.9090753,-1.8656751,-18.367792,-1.3092859,-4.4375715,-20.44153,-0.8738432,-4.5725255,-18.166965,-1.5998176,-3.9773607
59.92937,17.02901,39.26759,1.5956955,-30.147127,-36.824207,-8.501889,4.5403595,0.22328945,-21.146599,-1.2619983,-4.6046615,-22.916695,-1.0989438,-4.7694225,-21.220114,-1.7448944,-4.4744716
58.517937,10.278673,34.379242,2.9786966,-31.105528,-36.316685,-15.598188,4.7961974,-0.25118446,-20.325754,-1.9446843,-4.915118,-22.238916,-1.138654,-5.152189,-19.657814,-2.1995618,-4.715011
59.187897,21.920605,44.819126,7.003738,-25.00159,-31.720589,4.589313,6.320978,2.0566063,-20.791265,-1.3507032,-4.996728,-22.813255,-1.1581248,-5.153624,-19.982492,-1.8080353,-4.1988964
56.148003,19.340498,40.927444,-0.071949415,-27.367804,-35.570354,-9.625778,4.358408,-1.676307,-20.02065,-0.9267819,-3.871599,-21.49699,-0.8965449,-4.454413,-19.153599,-1.2400541,-4.0229225
51.56356,20.384346,42.365955,1.175881,-24.797192,-32.75644,-8.059923,5.582834,-0.073161945,-19.329168,-1.0609505,-4.1683183,-21.518492,-1.0253297,-4.8367167,-18.582827,-1.6525266,-4.0239596
46.786755,16.520113,38.415993,-4.0211215,-26.268564,-33.786953,-10.315316,4.021538,-1.7337226,-19.725426,-1.4230695,-5.1862097,-21.459333,-1.0584662,-5.0626984,-18.9498,-1.7672337,-4.3720307
53.063423,22.19915,45.90853,-0.17275889,-23.571362,-31.634363,0.06629864,6.2236347,1.854665,-22.885912,-0.9303864,-4.880703,-25.664503,-1.2671236,-5.664414,-22.489843,-1.7829363,-4.6438417
58.283512,10.077836,34.661995,-1.6208248,-34.298515,-40.753887,-15.535745,2.9959476,-2.919615,-20.357643,-1.2730504,-4.7346387,-22.437763,-1.0817689,-4.8737407,-19.750063,-1.8558489,-4.6330843
61.390297,15.652578,39.16291,4.502838,-31.4797,-38.001297,-11.126348,3.4554026,-2.451471,-20.195457,-1.1165849,-3.6799653,-21.900282,-0.8034967,-4.212378,-19.109728,-1.4656754,-3.9351623
49.33596,-24.66114,-3.9514265,4.705096,-58.919193,-57.959095,-6.348438,-12.9308405,-18.417238,-19.87116,-1.4582449,-5.6989574,-19.987843,-1.2287115,-5.2576475,-18.962814,-2.0233712,-4.610372
64.81193,19.129065,42.13676,7.116034,-26.76799,-33.591335,-0.15072663,6.3190536,1.896403,-20.644596,-1.2722926,-4.432311,-22.616455,-1.0186536,-4.942494,-19.39979,-1.8401141,-4.249709
56.1221,12.5665045,34.775505,0.961306,-31.46693,-36.886833,-10.411478,4.472549,-0.5864899,-21.12471,-0.9697613,-4.7285995,-24.188831,-1.1879987,-5.2719245,-21.404297,-1.9085156,-4.610724
27.084042,18.588638,39.014103,-27.67132,-26.306314,-38.459183,-38.156612,3.1078649,-10.274752,-18.509115,-1.675682,-4.434002,-20.795889,-1.1357188,-4.774861,-17.035877,-1.7513413,-4.168734
57.44978,16.597452,39.16589,-0.19033097,-30.07625,-37.698505,-7.1357293,4.680102,-0.18942687,-21.643776,-1.1759197,-4.319496,-23.936323,-1.0104257,-4.848012,-21.003422,-1.7130729,-4.199804
59.243042,5.6988053,27.937763,7.1662784,-33.250854,-36.951725,-2.6426566,3.4305341,-0.7763414,-21.734802,-1.225722,-5.4883,-23.31731,-1.2806398,-5.4500766,-21.226467,-2.1266975,-4.6704974
67.869865,18.40831,40.405605,14.334096,-30.573332,-35.880955,7.3673496,4.897582,1.3939797,-21.559002,-1.5931224,-4.8561015,-24.500233,-1.1640437,-5.2610493,-21.007357,-1.7973586,-4.6166177
50.758175,17.664875,39.776253,-6.78103,-28.180777,-37.438683,-14.694584,4.745882,-1.7344061,-17.31026,-0.6689182,-2.8160908,-17.598148,-0.69744074,-3.4305742,-15.3218,-0.88335043,-3.0769727
41.880177,21.487112,43.27678,-11.39898,-24.291355,-34.3343,-15.523653,5.1711946,-2.3501294,-17.789608,-0.830917,-3.7907631,-20.374851,-0.88764894,-4.150194,-16.959677,-1.283558,-3.5919755
40.016525,23.494965,45.33336,-10.384412,-23.254406,-31.873415,-12.885417,6.5310073,-0.5869369,-19.632147,-1.328393,-4.46463,-22.473867,-1.1941564,-4.9748297,-19.581303,-1.8613205,-4.175974
64.09301,22.94533,45.94732,10.524883,-24.022781,-30.745737,8.244178,5.8820868,2.5060775,-21.31096,-1.0535796,-4.4327993,-24.898117,-1.1940864,-5.238675,-21.076002,-1.8033257,-4.2168174
43.909405,15.138355,36.788452,-8.752828,-27.255785,-35.411236,-19.107138,3.0145724,-4.4216104,-20.209991,-1.0096412,-4.792588,-22.621683,-1.0880284,-5.088547,-19.664135,-1.7828997,-4.3572807
60.66203,21.207825,43.747475,2.5613403,-25.974304,-34.407352,1.565049,6.3444104,0.9841271,-22.445807,-1.213244,-4.6489067,-26.35238,-1.2539363,-5.4459805,-22.819748,-1.9433725,-4.7369337
56.952343,3.405916,27.65786,-1.9064202,-41.66093,-46.398743,-18.27911,-0.21418963,-7.0201817,-18.547033,-0.9250604,-3.691942,-20.0657,-0.8425107,-4.15185,-17.735035,-1.6571333,-3.9229429
54.091576,-4.7571983,17.570963,6.578386,-53.976105,-56.427296,-2.821221,-11.334883,-18.818068,-20.95149,-1.2383984,-4.331413,-22.625534,-1.0795528,-4.9436064,-19.75016,-1.503583,-4.174912
34.859043,15.468177,33.260925,-10.134739,-26.287445,-34.385216,-22.164923,4.535125,-3.866061,-16.285212,-1.370977,-4.6215963,-16.363943,-0.9805816,-4.2708864,-15.085014,-1.2861457,-3.6391842
64.92654,19.305971,43.735355,4.5477357,-28.151701,-35.82691,2.3279212,5.3425255,0.83577096,-20.525986,-0.53738415,-3.1621437,-21.560884,-0.8391305,-4.1022425,-19.202847,-1.4113036,-3.8770669
69.64968,22.569107,46.36717,13.704047,-26.350285,-33.151463,4.970629,6.9568,3.0038958,-21.349194,-1.5872159,-4.7108774,-24.801,-1.2364379,-5.3302765,-20.624016,-1.9383166,-4.4896135
28.444313,25.152212,47.010727,-22.065987,-21.138039,-31.349869,-18.631342,4.9507875,-6.230313,-15.496115,-0.6462083,-3.0149546,-16.651274,-0.7039326,-3.5483394,-13.806713,-0.6187933,-2.7689054
55.98974,9.1976595,32.507877,-0.7561879,-34.51188,-39.113625,-17.984785,1.4947453,-3.9823482,-20.45649,-1.3102096,-4.6855536,-22.335361,-1.0852579,-5.010178,-19.838934,-1.7518374,-4.423732
36.727596,11.36204,27.019934,-7.2389297,-26.35301,-32.651707,-23.669266,3.7968042,-2.378819,-19.773905,-1.9415318,-6.6435056,-21.266272,-1.4361304,-5.834136,-19.59574,-2.4264581,-4.8972344
65.412,20.489532,43.30363,10.288012,-26.657717,-32.336895,6.8126903,6.3796124,2.895043,-21.710783,-1.7484417,-5.593416,-24.186676,-1.29414,-5.5576663,-21.653404,-2.2070186,-4.8331585
53.372665,21.162346,42.37791,1.3192214,-24.587744,-31.948261,-6.1873045,4.2030344,-0.7147031,-20.691046,-1.0740666,-4.456713,-23.162466,-1.0501772,-5.021938,-20.217361,-1.4271332,-4.143126
47.45767,-5.8646398,18.167322,-12.042825,-43.12159,-48.873184,-41.986343,1.2294456,-7.764912,-18.457409,-1.2184385,-4.0090103,-20.41839,-0.89353204,-4.242741,-17.322935,-1.7346051,-3.9668536
53.42429,16.14288,39.037464,-0.56924224,-28.202837,-35.195194,-10.554073,3.6503415,-2.1969154,-21.3908,-1.3574177,-4.91469,-23.503506,-1.1242098,-5.2639956,-21.27106,-1.8713583,-4.6204433
64.40644,14.66446,41.46062,0.99556524,-31.302452,-40.62679,-3.698257,4.54844,0.22387594,-22.219038,-0.84468824,-3.1527255,-23.20487,-0.9813713,-4.424525,-21.507307,-1.3006033,-3.5118456
59.99685,16.284958,38.86254,4.522484,-30.30667,-36.530293,-5.980704,4.9449525,0.5788673,-21.783888,-1.4464911,-5.213747,-24.799189,-1.1342647,-5.2619166,-21.060678,-2.003096,-4.6431265
68.76951,19.816774,43.44639,12.132181,-26.526583,-32.437088,9.6640625,6.082089,2.8845832,-22.474863,-1.5158719,-5.3692784,-25.727108,-1.3436257,-5.715478,-22.265547,-2.19081,-4.7914414
50.463627,-14.769743,8.560609,-0.1252047,-63.019238,-65.95199,-1.7761236,-16.582325,-25.370802,-20.1602,-0.8456738,-3.6799836,-21.40751,-0.9427723,-4.251488,-18.433342,-1.2824073,-3.8475215
66.145256,13.836578,36.374657,14.698949,-33.52895,-38.164207,5.1348944,2.6806767,-1.4916693,-22.57297,-1.2360946,-5.0323596,-25.186577,-1.2793819,-5.6346354,-22.682875,-2.1961992,-4.604421
55.731926,3.2271202,28.294909,-0.23937233,-42.52087,-45.646008,-16.176573,-0.16440015,-5.5446167,-21.577175,-1.3209003,-5.15961,-24.1736,-1.1366508,-5.204618,-21.649477,-2.0303826,-4.644551
54.848434,-3.767453,18.223343,4.5352464,-41.058693,-42.547874,-7.4147677,1.6483152,-1.948777,-19.323267,-1.4258783,-5.515781,-19.926208,-1.2649506,-5.151199,-18.415483,-2.0650678,-4.6088924
56.942184,6.563732,29.356792,-3.774425,-37.21096,-42.330963,-16.438326,2.9501133,-2.8539379,-21.161663,-1.5321563,-5.0416574,-23.627861,-1.1728517,-5.2663207,-21.118841,-2.1425772,-4.90363
61.569183,18.925411,42.34645,7.8119783,-26.90764,-33.507965,1.1508313,5.5499806,1.2794237,-21.755672,-1.0923777,-4.713664,-23.977358,-1.094246,-5.170721,-20.846584,-1.8256963,-4.246262
51.082104,-13.043872,12.082331,1.9401755,-52.686256,-54.067314,-5.8111253,-17.570633,-20.970345,-21.597162,-1.7437363,-5.9309797,-23.953686,-1.2243212,-5.6950397,-21.378574,-2.3308957,-4.9834337
51.346916,-5.4992003,20.88909,-7.0891047,-47.133488,-51.404327,-41.73569,-2.4246678,-13.453612,-17.400553,-1.2439405,-3.7608325,-18.269905,-0.81903774,-3.9581044,-15.650501,-1.4292223,-3.8245823
52.96802,-10.999929,14.512548,1.4115942,-46.208473,-47.746773,-19.889168,-4.493405,-10.291589,-19.447462,-1.2913395,-4.886694,-21.086712,-1.0666754,-4.9870825,-18.929167,-1.943481,-4.4401584
59.211662,24.733688,46.809036,6.331467,-22.603088,-30.07678,7.3915834,6.298478,1.5266138,-20.483727,-1.3794862,-4.7813263,-23.862722,-1.2920839,-5.333065,-20.343414,-1.88468,-4.5539184
41.781418,16.30112,36.604534,-7.3562465,-27.211126,-35.467403,-25.318928,3.2598538,-4.793784,-17.547987,-1.2971078,-4.6908913,-19.371513,-0.91948485,-4.498097,-16.547472,-1.6246209,-4.14206
51.068844,-14.913103,10.602323,-3.3440092,-59.11408,-63.416485,-10.1982355,-15.716725,-22.405338,-20.588808,-0.96359324,-3.6368566,-22.596481,-1.0178195,-4.70534,-19.653831,-1.4638666,-4.0230913
55.051914,-3.215161,23.14276,4.874738,-41.656784,-44.163773,-24.45695,-1.5259402,-8.335348,-20.533619,-1.83064,-5.5567975,-22.514853,-1.2332792,-5.5505457,-20.30852,-2.3753858,-5.0766964
60.197643,12.812303,36.3191,1.676157,-31.291496,-37.857502,-9.2444,2.685011,-2.255239,-19.790476,-1.1040118,-4.095104,-21.43665,-0.9653379,-4.6409073,-19.15307,-1.7851658,-4.1765018
30.905357,20.16037,37.51068,-19.827486,-23.809742,-35.860905,-25.119726,3.8647847,-7.5186615,-12.949326,0.26029292,-1.7174627,-13.242531,-0.5302283,-2.457947,-11.378633,-0.11928161,-1.6744685
57.358864,1.7808107,26.50819,1.5043392,-42.393906,-46.197147,-13.46021,-1.6692195,-7.43216,-20.962324,-1.2034872,-4.6581407,-22.861258,-1.0710613,-4.89803,-20.635376,-1.9369699,-4.3992023
48.000057,25.005426,48.51956,-2.3931167,-22.490396,-30.830116,-0.11821732,5.483362,-0.6667705,-19.095198,-1.1018109,-4.1189103,-20.975843,-0.96919334,-4.7988873,-18.574575,-1.5079901,-4.048712
45.315144,-25.511852,1.4848057,-8.865534,-50.904327,-53.07838,-32.162525,-6.0212955,-12.545119,-19.549229,-0.96024215,-5.097604,-20.80545,-1.0843167,-4.938129,-19.022263,-1.8367809,-4.223414
60.17384,2.7958503,26.662653,6.9709716,-36.521126,-39.223244,-8.832716,3.207532,-1.0572426,-19.975773,-1.2452941,-4.907246,-21.422186,-1.1457735,-5.0533843,-19.10176,-1.8075855,-4.2529745
63.533924,18.45648,42.288048,6.7871056,-27.541866,-34.735374,-0.6205724,4.940604,-0.016854689,-21.900639,-1.4005946,-4.6669555,-24.502348,-1.1225516,-5.287558,-21.79253,-2.0351903,-4.755991
50.07748,-8.641348,12.576361,-5.5373297,-37.96605,-42.754154,-21.293736,2.4338865,-3.3368897,-19.682972,-0.8080792,-4.0252695,-21.47976,-0.9617497,-4.557079,-19.307516,-1.0717055,-3.6105344
63.43604,20.940657,42.616203,7.8546586,-26.181454,-33.015457,2.41241,5.281336,0.90686184,-20.497734,-1.093526,-4.34012,-22.475792,-1.0701474,-4.765723,-19.470095,-1.7364222,-4.153519
53.8261,20.922794,42.23823,1.9428145,-24.281113,-31.76292,-4.9357,6.082796,0.68344283,-19.178665,-1.3205218,-4.5696535,-21.308266,-1.1097697,-5.0426817,-17.694857,-1.7511162,-4.137306
50.484295,-19.317453,2.273447,6.3949165,-66.344055,-70.10935,-14.048276,-31.341444,-41.29743,-18.89956,-0.7837737,-3.1969118,-19.296267,-0.8679314,-4.2612133,-16.319748,-1.0049059,-3.7501872
42.360954,17.921738,38.45909,-17.253939,-29.743904,-42.04701,-26.031061,3.5491776,-5.905791,-13.952858,0.42838094,-0.8982525,-13.310343,-0.28671244,-1.663087,-11.367438,-0.037479166,-1.8347175
53.818615,8.19378,30.24906,-2.046693,-36.140636,-40.855534,-15.033847,2.8965914,-3.5041633,-21.043663,-1.7926184,-5.473993,-23.480968,-1.2089658,-5.4031606,-20.543152,-2.1451433,-4.891306
53.091972,-8.035384,16.03206,2.7006984,-42.174343,-43.203293,-17.727612,0.45421943,-3.9932508,-19.9955,-1.5678385,-5.7056007,-21.213713,-1.3151697,-5.470886,-19.602306,-2.1454325,-4.5686283
47.741417,-28.042309,-3.32293,0.47524154,-54.090153,-52.716835,-33.328438,-4.0066814,-10.318238,-18.732447,-1.5062878,-5.7779727,-18.520039,-1.2677239,-5.188098,-18.203821,-2.0613134,-4.8054857
51.82089,21.172215,45.331474,3.2495487,-24.432903,-31.200771,-5.9934154,4.6188183,-0.92171246,-21.614393,-1.365747,-4.823182,-24.029043,-1.2946863,-5.5036464,-21.16759,-1.9002854,-4.6274033
48.455013,-20.325197,-0.4269707,9.040776,-68.49437,-71.3381,-10.189438,-38.236904,-46.596848,-18.984083,-1.246231,-2.3610022,-19.82703,-0.7797052,-3.719424,-16.275208,-0.9207608,-3.3842704
54.01779,-7.583496,14.550339,3.2825139,-43.717125,-45.181995,-13.635132,-0.12387522,-5.128766,-20.01457,-1.1775296,-5.3615427,-20.879911,-1.1382459,-5.093984,-19.28952,-2.0733674,-4.5361795
63.943047,10.854263,30.79322,15.291824,-36.463974,-36.640034,-4.112383,-1.0398717,-6.261581,-17.559261,1.189067,-1.799439,-17.261106,-0.05045943,-2.7764633,-17.370699,0.25995687,-2.430352
60.683308,10.783901,35.140137,0.47479382,-35.205666,-40.928883,-7.9388623,3.1129045,-0.64208937,-21.006521,-0.75332904,-3.783095,-21.981337,-0.88689613,-4.248861,-19.612448,-1.4444759,-3.8985434
47.751236,19.832947,39.803173,-1.4722574,-24.26863,-31.189457,-6.194113,6.3459344,0.8316756,-17.996876,-0.92839533,-3.7799063,-18.943277,-0.8812214,-4.286524,-16.653038,-1.3136351,-3.4943964
64.03861,21.541378,44.709568,5.490253,-26.03722,-34.076668,4.232684,6.0512505,2.1736276,-20.528782,-0.56234014,-3.438862,-22.929375,-0.99266887,-4.4214044,-19.321856,-1.4307045,-3.7653306
47.38056,19.745514,41.33258,-9.665774,-27.925238,-38.121483,-18.269194,3.1330538,-5.2159224,-19.670437,-0.9054417,-3.4210963,-21.512272,-0.9264124,-4.3273306,-18.969065,-1.2692617,-3.897055
52.85015,-1.9093244,23.36889,-1.7182473,-48.8631,-53.32414,-35.561268,-6.460831,-17.350039,-18.450174,-1.1038419,-4.2223125,-20.296984,-1.0175762,-4.7067747,-18.027912,-1.9954153,-4.4730387
48.084476,9.879751,32.29895,-15.712941,-33.60737,-44.281944,-16.844213,-3.5723119,-8.640909,-19.56515,-0.5103023,-3.0286028,-20.490732,-0.64297193,-3.7369041,-18.543226,-1.3004206,-3.5627804
50.865757,-10.460938,16.094526,-4.8873816,-53.76372,-57.465523,-24.796047,-8.174366,-16.98038,-19.208324,-1.2337034,-4.1176233,-20.580267,-0.99408525,-4.4583793,-18.356611,-1.6766654,-4.180598
53.75296,-9.446022,15.628752,-0.04435169,-46.029945,-47.40444,-27.635489,-0.6318007,-6.9373713,-18.546907,-1.2422379,-4.519688,-20.104055,-0.95630497,-4.616426,-17.80753,-1.6629603,-4.211963
37.531796,22.447456,43.523952,-20.121841,-23.79622,-35.330956,-25.782593,5.1023192,-5.409869,-10.324058,0.25639817,-0.8576336,-8.8082905,-0.11876091,-1.5193038,-8.357593,-0.3013896,-1.4931868
52.48976,-6.7118297,17.282581,0.671565,-45.090595,-46.68993,-14.849017,-1.7193041,-6.5388236,-20.251488,-1.5343809,-5.2430973,-21.038136,-1.2075183,-5.108459,-19.037184,-2.1373968,-4.620921
55.09865,5.886681,26.271292,6.943384,-31.417288,-34.86088,-7.1387253,4.2655354,0.09441494,-21.445503,-1.9940377,-6.5471973,-22.313244,-1.3742901,-5.8300023,-20.57618,-2.3938212,-5.0248137
59.452152,21.6957,43.92027,1.2356486,-24.804926,-33.083233,-0.47472972,6.2165236,0.89767617,-17.308449,-0.60116,-3.1433353,-17.528093,-0.6855642,-3.5365298,-14.962148,-1.165939,-3.2275047
51.972107,15.945644,36.911118,-3.237058,-28.253767,-36.252876,-12.302583,4.087279,-1.7695471,-20.164278,-0.9575155,-4.3843665,-22.526718,-1.0623739,-4.733746,-19.592411,-1.5963902,-4.068521
52.994854,20.037483,42.475136,1.8372309,-25.518652,-32.987892,-5.9519324,5.291366,-0.79954016,-21.42499,-1.1963763,-4.6039643,-24.516422,-1.2483394,-5.5100665,-21.388468,-1.5923537,-4.1079245
68.14945,20.567554,44.040638,8.7867565,-26.766947,-34.48809,7.5404625,5.8032136,1.93426,-22.40857,-1.1763325,-4.748446,-24.962416,-1.1499997,-5.1280913,-21.74699,-1.684829,-4.351834
62.655586,2.0435069,27.429565,11.981077,-47.781136,-48.38034,-8.953099,-7.3289676,-13.38874,-21.307741,-2.1027048,-5.513791,-24.234468,-1.403149,-5.90992,-21.74853,-2.31703,-5.3451576
62.47594,15.847062,39.844406,3.1354196,-30.221651,-36.715702,-5.580469,4.402206,-0.27093104,-20.305769,-0.92673343,-3.487679,-22.415562,-1.0452418,-4.502397,-19.254044,-1.1882873,-3.965412
36.68921,21.919342,43.367073,-11.699745,-23.516314,-32.906002,-18.037739,4.9846644,-3.5831254,-17.267181,-0.97394055,-3.9997916,-19.328743,-1.0027527,-4.518254,-16.329437,-1.1550331,-3.5341775
37.89521,12.764904,32.128693,-14.297993,-28.76643,-39.482967,-29.149858,2.5527391,-8.310179,-17.62076,-1.0316676,-4.015091,-19.371317,-0.83976156,-4.214752,-16.802427,-1.0912017,-3.3618684
60.93817,4.5998445,28.188534,5.967503,-35.998734,-39.006275,-13.512169,0.23480295,-3.6774635,-20.964819,-1.4827585,-5.451285,-22.514462,-1.0963728,-5.1787486,-20.861298,-1.9971224,-4.73291
51.54236,12.068321,35.561413,-7.4709463,-33.661846,-43.04679,-26.5324,0.87132245,-7.4911275,-17.914043,-0.8222719,-3.179585,-18.142862,-0.65562016,-3.5511389,-16.111937,-1.09556,-3.3942027
58.70829,7.395809,33.147274,-8.132453,-40.10336,-50.785713,-30.076904,-3.6345043,-13.627474,-18.584375,-0.8639949,-2.3751123,-19.589897,-0.6593922,-3.5056975,-16.563034,-0.87087685,-3.6553857
56.272427,-7.43646,8.198672,17.463156,-63.77213,-65.86184,12.457335,-31.004465,-37.010685,-19.692173,-1.4560169,-3.851317,-21.170881,-0.98081255,-4.7571435,-17.643206,-1.3551496,-4.1236854
42.77716,23.362892,44.449768,-8.548202,-24.326199,-33.243492,-13.398665,5.2511187,-3.125963,-13.9970455,-0.81277174,-3.166729,-14.563435,-0.7730923,-3.5688717,-12.436386,-1.0474916,-3.1730366
56.36697,24.834091,47.495525,1.9779464,-23.060177,-31.29643,4.875663,6.4309535,1.8471963,-19.54525,-0.66548806,-3.482027,-21.725725,-0.9158254,-4.4168434,-18.978247,-1.2664851,-3.6044917
40.45791,14.963904,35.281307,-13.385384,-29.372423,-37.947655,-28.890087,2.9213638,-5.331087,-18.62703,-1.0592345,-4.086795,-20.096432,-0.74449277,-4.1043344,-17.066221,-1.3471608,-3.7498598
55.03434,9.591098,33.546013,-2.7996063,-36.211136,-42.4136,-28.383314,2.69144,-5.105019,-20.531464,-1.5857469,-4.472626,-23.824945,-1.1884763,-5.0057344,-20.172712,-2.2854037,-4.7147875
49.183765,-9.70954,12.984136,-1.0487207,-43.325035,-45.38976,-23.548573,-0.48193786,-6.598911,-20.427048,-1.2077719,-5.10739,-21.456776,-1.1773518,-5.225049,-19.798471,-1.927027,-4.4729342
49.788235,18.623432,40.75968,-3.9227238,-27.170519,-35.14123,-12.439063,5.061673,-0.72451776,-19.798817,-0.70642084,-3.8568656,-22.512747,-0.9916159,-4.7099733,-19.208626,-1.2785546,-3.8653574
55.710327,-4.919915,20.988497,-1.5725893,-52.377777,-57.16595,-24.753548,-7.017773,-17.967512,-19.976479,-0.9262129,-3.5376642,-22.147673,-0.8803824,-4.2987614,-18.890368,-1.5418057,-4.133316
18.692633,-6.40455,9.917232,-52.13296,-31.131575,-46.762745,-24.622608,-37.71155,-40.12524,-19.08155,-1.3241117,-4.054827,-21.514936,-0.96028936,-4.5423737,-18.008678,-1.4841503,-3.8759062
33.09719,-40.654762,-10.954198,-22.331223,-57.24304,-61.39541,-53.914806,-6.4873505,-22.001448,-16.592216,-1.6368966,-4.1493707,-18.947296,-1.128892,-4.286804,-15.650125,-1.8158911,-4.0505505
60.97837,24.459173,47.011337,11.5858135,-22.068308,-28.256292,15.012739,7.5004883,4.9830146,-22.2684,-1.1290917,-5.4497566,-24.342436,-1.2008766,-5.6131763,-22.59157,-1.756139,-4.3282638
55.00029,14.969425,38.427258,-4.114246,-28.945751,-36.771286,-13.510901,3.07365,-2.4712157,-20.719172,-1.1070276,-4.111573,-22.481071,-1.0300742,-4.836438,-19.444752,-1.5398548,-4.016688
44.761772,17.430443,37.703712,-1.4754758,-25.69017,-31.919344,-9.963601,3.3279753,-1.6495751,-20.924835,-1.7134897,-5.7953835,-23.234144,-1.3056521,-5.628293,-20.71966,-2.038953,-4.7180743
52.335464,-12.138749,13.889868,-3.5573006,-53.175476,-56.651745,-19.025238,-7.205252,-12.731824,-19.71665,-1.0531178,-4.288704,-20.854635,-0.98644537,-4.4632287,-18.831112,-1.5744784,-3.9980114
56.549797,-3.8613758,15.294968,10.175327,-49.16086,-48.916283,5.5318403,-4.365184,-7.940509,-21.17435,-1.5895345,-5.7445836,-22.462036,-1.3225842,-5.6454287,-20.71349,-2.2685356,-4.836398
27.827784,24.156527,44.547504,-19.60297,-21.246668,-30.777502,-23.137001,6.0902452,-4.141391,-11.592065,-0.7362561,-2.843271,-11.327267,-0.71233946,-2.9911258,-9.427921,-0.9440476,-2.6675634
55.90239,23.978148,45.168446,7.706557,-23.23608,-30.079653,6.432658,7.558278,3.6553326,-17.716492,-1.4693769,-5.119571,-18.59414,-1.1895883,-5.0239477,-16.906017,-2.1481493,-4.6435547
52.140015,14.15862,37.327835,-4.849387,-30.237879,-38.976524,-20.943947,2.3955326,-5.1995354,-19.472776,-1.0452696,-3.4948735,-20.80049,-0.8155442,-4.122949,-18.072199,-1.20122,-3.648081
48.158325,-0.47693196,26.392235,-19.031225,-43.46822,-53.594284,-42.14357,-1.5971568,-12.769085,-17.575407,-0.69093174,-3.004328,-18.401161,-0.61505765,-3.2531538,-14.985723,-0.86725706,-3.2017386
54.277332,-5.435561,15.946642,15.96272,-63.12503,-66.42459,-13.975832,-46.576527,-51.962414,-18.932026,-0.5695617,-2.8163865,-19.979588,-0.73266184,-4.3610992,-15.804021,-0.65918124,-3.6781914
46.83347,7.7394032,28.64638,-6.2057796,-33.440853,-39.332443,-25.252531,2.7074053,-4.498892,-18.677414,-1.0455897,-4.398607,-20.945847,-1.0612915,-4.863789,-18.748117,-1.6023029,-4.09758
15.060285,-50.962788,-28.195004,-55.19338,-44.466503,-60.206234,-42.40671,-25.201485,-34.660297,-20.10718,-1.8728825,-4.623023,-22.897629,-1.2105545,-4.7208533,-18.841238,-1.9243475,-4.290579
39.63273,24.673586,46.40217,-10.373163,-22.091993,-31.331034,-11.039971,4.9959903,-3.0740807,-15.185213,-0.82934284,-3.1666048,-15.346061,-0.739564,-3.6228528,-13.000275,-0.9311542,-3.1608071
55.930138,12.795612,36.243786,-3.6674414,-29.975199,-37.757614,-16.69135,3.825749,-2.2022889,-20.178175,-0.83455515,-4.339986,-22.16318,-0.9968744,-4.44562,-19.232859,-1.4859005,-3.9444869
50.446064,10.4926405,32.79403,-14.472899,-34.582085,-44.25836,-23.458967,-0.76703686,-8.270658,-18.308554,-0.40154073,-2.4949892,-18.94919,-0.5711556,-3.3691804,-16.833183,-0.8025123,-3.203804
31.726536,24.789942,45.740063,-14.840892,-21.712523,-31.663132,-20.617216,5.7954617,-4.0773497,-10.108012,-0.8158026,-2.3448699,-10.921189,-0.518789,-2.6146665,-9.006124,-1.0024587,-2.7699249
47.40262,-20.797956,7.8535476,-9.247656,-58.267548,-63.189728,-33.81037,-12.951406,-23.516918,-20.03399,-0.8771481,-3.8850589,-22.469423,-0.9748064,-4.5732927,-19.297081,-1.7137406,-4.2250566
28.099808,-64.47716,-42.23497,-21.894354,-64.91569,-69.03068,-37.66277,-21.695633,-33.88046,-18.59904,-1.3147136,-4.517247,-18.762861,-1.14797,-4.613188,-16.01923,-1.2491143,-3.8573952
37.0042,18.576115,38.13354,-18.517546,-26.373283,-37.524014,-30.917921,2.6689243,-8.212818,-13.748721,-0.13520569,-2.175948,-13.652044,-0.53023756,-2.7655878,-11.598899,-0.37110913,-2.4306164
41.002552,3.5595407,23.785603,-8.788272,-35.40499,-40.7487,-32.162117,-0.33176625,-8.673412,-20.396832,-2.0169656,-5.8094997,-21.219278,-1.3119591,-5.568451,-19.502144,-2.1475239,-4.6313148
14.211386,-99.99907,-90.85615,-42.34675,-47.473255,-53.884884,-17.652723,-13.120981,-19.955557,-22.424833,0.10657475,-4.695061,-20.651781,-1.1393014,-4.7029476,-19.841616,0.850699,-1.5394248
53.40263,-3.187701,20.606062,0.044848412,-42.61759,-43.40859,-24.593262,2.2018209,-3.248657,-17.69368,-0.9078703,-4.230685,-18.499924,-0.85211223,-4.228644,-16.412905,-1.647889,-3.872879
36.829983,19.9543,40.301495,-13.474531,-26.230724,-36.30608,-29.496206,4.6938844,-6.677379,-14.990687,-1.1337823,-2.6714418,-16.509247,-0.77758163,-3.513701,-12.984968,-0.6750078,-3.0442977
49.61289,-14.947668,6.8468294,-0.1523705,-66.45933,-70.50906,-4.4515014,-26.874321,-34.346466,-18.49245,-0.5397023,-2.2824268,-18.542168,-0.6610369,-3.4031563,-15.906384,-0.91318256,-3.4220302
37.52438,18.32156,40.55761,-14.842519,-27.210402,-37.403645,-27.557335,3.7225938,-6.0939937,-16.95613,-1.3245084,-3.7000496,-18.983093,-0.8545181,-4.131382,-16.006401,-1.2775018,-3.5090194
57.668377,-4.8684483,16.562504,10.288292,-58.849453,-62.0492,2.6152046,-18.314938,-24.703297,-18.882612,-0.5768579,-2.6569118,-18.968107,-0.6785984,-3.675315,-16.370258,-0.9658032,-3.3940153
64.0205,22.168758,45.191006,3.493874,-26.03763,-34.502228,1.2138312,6.0933213,1.4152491,-20.48301,-0.8549367,-3.310852,-22.532488,-0.96636397,-4.306949,-18.936682,-1.3471355,-3.7510588
49.710888,-8.173897,16.996048,-8.826867,-42.836365,-48.263382,-37.81824,-5.684631,-16.537054,-17.749155,-0.6925725,-3.4326537,-19.473948,-0.86319906,-3.903054,-15.559261,-1.394281,-3.6351686
49.71401,-18.445864,8.605542,-4.0385594,-60.598186,-63.882275,-25.69207,-12.932871,-23.767513,-18.891909,-0.8576574,-3.5931163,-20.182575,-0.86740744,-4.229888,-17.897612,-1.5454878,-3.810318
32.986244,21.366032,42.474155,-12.814188,-24.21327,-33.82275,-26.597536,4.8007097,-3.9313195,-17.81439,-1.1797773,-4.2392187,-20.468575,-1.089793,-4.7682667,-17.710836,-1.4726042,-3.9304228
43.59726,17.907505,39.73244,-14.218373,-27.159678,-36.540977,-20.726925,2.835595,-4.752032,-18.87029,-1.1247041,-3.9296815,-21.107704,-0.9236628,-4.4126945,-18.060429,-1.369849,-3.885323
43.693108,21.335335,42.32084,-5.4022737,-24.48939,-32.17293,-15.189507,3.4436133,-3.9570098,-16.241041,-0.4792958,-3.4884577,-17.230318,-0.68916166,-3.6409492,-15.911993,-0.8901843,-3.4469342
45.584347,17.358335,40.499493,-12.376765,-29.694218,-39.897327,-21.576681,1.5357255,-5.780617,-19.947968,-0.6267583,-2.9609804,-21.887434,-0.8220658,-4.038563,-18.867964,-1.3221523,-3.8440177
47.92506,17.739502,40.866596,-8.11409,-26.338202,-34.954002,-12.693799,5.311709,-0.78919363,-19.484972,-0.706385,-3.6514635,-21.311111,-1.0189817,-4.544966,-18.723337,-1.3791413,-3.6989377
57.9322,11.7531595,33.18018,1.7349799,-31.321602,-37.04055,-8.448597,2.8485644,-1.7388978,-20.649801,-0.42449167,-3.6124732,-22.314686,-0.84066844,-4.4758234,-19.891157,-1.3756486,-3.6465468
61.86035,22.455496,45.573097,6.4350157,-24.933096,-32.899097,4.5066032,4.675635,0.29895094,-21.704176,-1.2643943,-4.9816337,-24.944618,-1.2030286,-5.379609,-21.272064,-1.7934556,-4.3556833
39.26432,16.896793,37.481606,-19.065641,-29.762465,-41.633778,-33.046307,0.450403,-10.441623,-17.477365,-0.066282965,-1.7986456,-18.559366,-0.3959121,-2.9006581,-15.319698,-0.115641944,-2.866633
50.600044,-4.652688,21.944672,-6.2877293,-42.544662,-46.432045,-36.259533,0.08648776,-7.7750845,-17.84033,-1.1075358,-4.199986,-19.183588,-0.90968895,-4.23259,-17.007729,-1.429915,-3.7365623
56.831554,-2.6294339,19.976322,5.484359,-55.34702,-58.650066,-4.59387,-9.501629,-16.759232,-18.692236,-0.81516814,-3.1647294,-19.398594,-0.7878606,-3.8661287,-16.895832,-1.318388,-3.7259543
51.405357,-6.4943814,18.955595,-3.1008918,-43.270786,-46.226635,-28.097864,-0.3953285,-6.79924,-19.280575,-1.3931904,-4.667959,-20.93036,-1.1058304,-4.9419503,-18.291584,-1.871383,-4.3257856
54.631943,4.4345155,28.863857,-0.54187626,-36.80918,-41.568016,-13.626738,2.197174,-2.7244325,-20.115326,-0.86564386,-4.02438,-22.644434,-1.0491688,-4.8564224,-19.771313,-1.6058908,-4.0011706
31.317327,20.0846,41.0442,-22.463215,-25.57474,-35.997387,-31.862122,4.832505,-6.056778,-17.17626,-1.1008061,-3.8569221,-19.208582,-0.939743,-4.2389483,-16.166409,-1.405573,-3.5911674
57.135735,-9.111491,11.302638,17.801142,-68.483734,-71.272606,11.386411,-35.827,-43.74496,-20.894554,-1.1299769,-2.4090881,-21.827028,-0.8652504,-4.078358,-18.219803,-0.9480118,-3.7864084
58.58447,19.95304,42.465115,0.33517408,-26.725952,-35.454144,-7.5434012,5.396706,0.15501371,-19.9389,-0.93855095,-3.4872584,-20.980852,-0.77975917,-3.9463983,-18.365194,-1.2704188,-3.524574
37.92991,22.758232,45.587128,-15.677952,-24.411936,-34.370018,-22.995333,5.258193,-3.926959,-17.283596,-1.315057,-3.7510731,-20.13364,-1.0668732,-4.6479354,-17.633526,-1.8439951,-4.3158703
42.135715,24.146679,45.627354,-9.726565,-22.414412,-32.461643,-7.7717843,6.2486734,-0.49783662,-17.311552,-0.64030397,-3.198167,-19.29532,-0.7928289,-3.8523393,-15.979135,-1.0337802,-3.5360544
65.13594,22.857256,46.73863,7.8193583,-24.63449,-32.603825,5.4009557,7.014934,3.206992,-20.999094,-1.0886432,-4.0931897,-24.519863,-1.2255462,-5.159679,-20.758648,-1.8748395,-4.3982224
62.891613,18.217491,41.83902,5.3181524,-27.331068,-34.846046,-1.1101553,4.250266,0.102601565,-23.368631,-0.9366375,-4.677489,-26.18249,-1.1771812,-5.337169,-23.160278,-1.7049652,-4.4508715
52.996677,15.250306,36.137836,4.1678867,-26.645658,-32.4592,-6.294733,5.9338927,1.0375565,-17.824764,-1.1296823,-4.21327,-18.790188,-0.9237742,-4.3213525,-16.533857,-1.4698459,-3.756116
55.252575,0.89947873,27.050278,-2.969705,-45.162846,-51.05748,-26.420288,-2.5266936,-10.485559,-20.203753,-0.73943824,-3.3607903,-22.12236,-0.79031664,-4.104279,-18.83375,-1.4497114,-4.119742
46.70181,12.68116,32.900238,-2.9087646,-38.44466,-41.654823,-19.24111,-6.2891774,-13.498433,-16.119978,5.6417804,2.4216025,-13.048802,1.3605949,-0.14897746,-16.939936,3.5751743,1.5446486
26.517141,25.678349,45.66066,-19.941303,-21.444487,-32.212337,-24.080397,6.745681,-3.662162,-8.936785,-1.0332257,-2.5055623,-9.195418,-0.5966551,-2.4863663,-7.3963456,-0.8907165,-2.7505522
43.184288,18.071787,37.76717,-8.341317,-25.792425,-34.551857,-17.671143,4.7610993,-2.631793,-16.217932,-0.7063369,-3.1398022,-16.846872,-0.7322892,-3.7226367,-14.796722,-0.91092557,-3.0267851
40.67639,21.290506,41.368004,-15.080054,-24.08737,-34.883396,-21.524765,4.5237904,-4.5310597,-15.106653,-0.5675776,-2.841101,-16.168688,-0.6143016,-3.3904572,-13.206713,-0.7380397,-2.6108716
48.690193,19.244078,41.435074,-6.072487,-26.622677,-35.73264,-10.602722,3.9520957,-1.9493594,-18.894058,-0.7976902,-3.5494637,-19.908543,-0.8252933,-3.9780583,-17.36762,-1.2186263,-3.4999063
37.321136,25.489313,47.023518,-11.12656,-21.777151,-30.563559,-8.346005,5.6304364,-2.1018736,-13.023007,-0.4365335,-2.0222075,-13.138575,-0.36573106,-2.546917,-10.780619,-0.37355286,-2.5560143
50.088356,-2.277189,20.647972,-0.18121132,-37.44082,-40.562035,-24.910347,1.5542879,-4.1208572,-20.994768,-1.59544,-5.645261,-23.174103,-1.2818347,-5.6363196,-20.688715,-2.2026992,-4.983777
59.852863,12.38556,34.26905,4.2045674,-31.089989,-36.299145,-9.006701,4.432972,0.40990913,-18.266455,-0.73748404,-3.8637702,-18.84241,-0.8433016,-4.1268406,-16.832344,-1.6698327,-4.032434
65.39219,16.42047,40.463596,9.0356,-29.695698,-35.20058,-2.7249181,4.7917633,0.9046453,-20.833502,-1.4237336,-4.8289013,-23.132261,-1.1262826,-5.0426917,-20.555471,-2.1352227,-4.7365513
59.027363,-8.726424,7.886904,16.797152,-62.3571,-63.62364,17.793303,-19.300447,-24.463154,-20.33616,-1.3258725,-4.4742,-20.862944,-1.1432654,-5.0706143,-18.817541,-1.7946889,-4.529125
55.871796,14.408181,36.937717,-0.58979744,-30.290869,-36.677788,-15.863056,3.4640183,-1.5626065,-19.817738,-1.1741165,-4.070081,-22.405804,-0.8871036,-4.718458,-19.450266,-1.3944775,-4.0261035
45.989147,4.0723076,23.922087,-3.1573515,-34.21476,-38.07115,-25.542126,1.7368826,-5.0927796,-20.981346,-1.5639616,-5.7054954,-22.480377,-1.2001595,-5.4549284,-20.23936,-2.0516748,-4.738546
63.243122,12.256001,35.391518,11.524392,-31.577053,-35.889618,-2.3730175,3.0582063,-0.66153663,-22.345947,-1.790857,-5.7089972,-25.252153,-1.2992624,-5.780298,-22.113895,-2.1229136,-4.749989
57.936848,-2.011363,15.833344,15.596417,-64.45856,-68.1162,14.219866,-30.826626,-37.25606,-20.84915,-0.9357815,-3.1066165,-21.579062,-0.7785453,-4.2236977,-18.63552,-0.9822508,-3.8549023
39.094128,23.22047,43.21647,-10.786358,-23.070194,-31.854866,-13.227345,6.671625,0.22985007,-14.774315,-0.89157575,-3.4990962,-15.659134,-0.8703554,-3.744491,-13.634056,-1.4856111,-3.2764537
55.202312,11.595522,35.42096,-3.5239747,-33.772457,-40.507015,-15.92192,3.883697,-1.5420347,-20.754822,-0.8648753,-4.3337,-22.987696,-0.9695342,-4.7188153,-20.008308,-1.5353644,-4.167751
62.90286,27.65597,52.41446,7.280918,-20.459938,-28.332552,13.697549,8.039385,4.0317287,-21.399084,-0.6574439,-3.7339861,-24.311789,-1.0748999,-4.945741,-20.567759,-1.0875136,-3.5318754
49.164078,14.253681,34.59011,-4.905519,-29.466536,-36.86168,-19.227455,4.282558,-1.6911796,-17.737545,-1.1131365,-3.5127218,-18.882486,-0.83326197,-3.9724553,-15.797135,-1.4120103,-3.590383
44.133827,11.216569,33.22318,-11.188952,-32.14779,-40.151863,-27.351866,1.2578706,-7.69247,-17.974436,-0.6442514,-3.3546283,-19.293545,-0.7235733,-4.142632,-17.158953,-1.1677358,-3.4173453
69.03677,21.35516,44.552094,10.63504,-26.803247,-33.734486,3.6963048,6.197041,2.438093,-23.551374,-1.6119063,-5.282234,-27.488232,-1.3068722,-5.668306,-23.270304,-2.252634,-4.9386053
36.68915,19.81649,41.54021,-13.438607,-24.426428,-33.793278,-15.052285,5.277971,-1.7130477,-20.31201,-1.3425757,-4.6002636,-22.598078,-1.1275607,-5.076859,-19.213243,-1.4149363,-4.147708
71.44483,22.879654,45.304096,19.110315,-23.495962,-28.711657,15.124902,8.161253,5.7507463,-24.168125,-2.262308,-6.389679,-28.220722,-1.7243092,-6.560494,-24.754753,-2.5398564,-5.2953296
51.134384,22.594551,44.287155,-2.206719,-24.383223,-31.930578,-5.4400578,5.7808876,0.39519626,-20.225145,-1.4121855,-4.6698174,-22.412806,-0.9780895,-5.0039487,-18.977331,-1.6464372,-4.2008724
53.400093,-2.5737834,21.648153,-3.2223108,-46.110844,-49.568768,-23.70438,0.04332085,-6.2437696,-18.912539,-0.9419819,-3.8399506,-20.47203,-0.9194375,-4.3803186,-17.922804,-1.9345686,-4.205231
67.83364,21.706593,43.575993,11.210441,-28.829603,-35.89217,-0.15707348,1.9948542,-3.0489385,-20.618616,-0.41206667,-2.857311,-22.197485,-0.65948564,-4.078055,-19.916803,-1.1970192,-3.8214755
43.0093,18.356073,37.153484,-3.8810499,-25.457401,-32.603813,-18.143797,4.286263,-3.160647,-16.332932,-1.3146366,-4.0905666,-17.50761,-0.8377121,-4.2572083,-15.302542,-1.1206983,-3.589277
61.93012,7.3366766,30.834276,1.7788575,-39.03918,-44.323486,-10.282347,-1.6550462,-5.8023195,-21.509682,-0.6535932,-4.013523,-22.932896,-0.8742448,-4.500506,-21.00876,-1.7424726,-4.305612
58.19468,23.002956,45.291916,4.3355064,-24.020271,-31.796839,1.9367384,6.376132,1.7555155,-18.857166,-0.63326216,-3.415745,-20.658958,-0.92568433,-4.388006,-17.622408,-1.3352875,-3.6659443
29.288605,18.590706,39.56882,-22.897888,-26.367998,-37.11075,-34.13335,4.3234406,-6.837336,-19.381264,-1.4261054,-4.1020355,-22.539185,-1.2105907,-5.009898,-18.324896,-1.4384042,-3.985877
40.180725,24.948679,47.894188,-12.379229,-23.002577,-33.230568,-13.978875,1.8796245,-7.763472,-15.269794,0.8952439,-0.9532145,-14.690347,-0.059333194,-2.140897,-13.869194,0.5070005,-1.8259801
59.564068,7.678937,31.599571,-2.3059938,-35.38678,-42.32455,-20.163248,1.9227055,-4.085644,-18.492315,-0.8620694,-3.3804924,-19.868498,-0.75262225,-3.886289,-17.07226,-1.4841015,-3.7725427
58.195858,4.053392,28.533596,1.6539935,-46.355278,-52.620792,-4.469488,-5.570639,-11.336225,-22.009384,-1.3685988,-4.6058407,-23.788424,-1.0951136,-5.0554967,-21.302015,-1.8109945,-4.5947986
50.999115,19.300041,41.927696,-7.3109064,-26.602676,-35.495155,-12.540409,4.769967,-1.9596189,-18.657228,-0.8140418,-4.036807,-20.225842,-0.9047755,-4.170122,-17.83637,-1.4992186,-3.624232
62.73376,10.734944,34.846146,6.4629245,-32.91603,-38.55095,-6.685423,3.9048855,-0.47359228,-20.453785,-1.2005371,-4.546143,-22.273718,-0.94794625,-4.73343,-19.520231,-1.8221018,-4.5117455
52.87196,-1.3654583,23.820547,-8.100796,-45.670067,-51.667183,-30.793945,-1.4063157,-10.846634,-18.899372,-0.86240965,-3.339035,-20.868855,-0.8508733,-4.0858636,-17.821415,-1.4732822,-3.6923108
48.434788,-2.4205747,23.656698,-9.856056,-42.560852,-47.53432,-39.48544,-2.0078483,-12.344208,-19.863503,-1.0319866,-3.834407,-22.565916,-0.9598972,-4.579125,-19.13205,-1.4667385,-3.8265502
46.72154,20.087748,42.701008,-7.5343018,-24.687326,-33.018543,-11.343963,5.5331674,-0.3910304,-20.854296,-1.1418023,-4.7802777,-23.015121,-1.1006806,-5.0864253,-20.000694,-1.6960205,-4.327283
46.25065,-20.497515,2.869376,-0.6948349,-62.456013,-64.81848,-14.321176,-15.968106,-25.055878,-19.177214,-1.2690151,-4.4363513,-20.44352,-0.9806619,-4.5816975,-18.129702,-1.7403047,-4.2615743
60.29313,12.191726,34.891308,5.8041644,-30.441418,-35.104626,-3.5160036,5.784956,2.5090141,-19.595575,-0.8366267,-4.328982,-21.36391,-0.86727095,-4.5855093,-19.178017,-1.7839344,-4.1850996
51.738613,-10.929617,5.2366586,7.5311885,-55.31531,-54.60729,3.7974916,-8.106146,-13.243356,-19.625847,-1.5226767,-5.4270024,-20.180853,-1.3277549,-5.3398466,-18.204071,-1.952479,-4.798673
52.38518,14.278436,35.861988,1.941617,-29.942322,-35.70436,-12.0715,4.0867357,-1.0483502,-20.566174,-1.1989744,-4.3745875,-22.894812,-1.1541545,-5.1664433,-19.640097,-1.8324385,-4.2713737
56.101425,5.4345293,29.871532,-3.4671605,-41.40802,-47.95988,-21.854944,-0.3596889,-7.9567494,-20.115374,-0.85462874,-3.5172608,-22.352642,-0.8984359,-4.258132,-18.714146,-1.5117043,-3.9920592
48.30289,14.657288,35.536476,-4.3912897,-28.223011,-34.714073,-17.726784,4.2762737,-2.0146885,-20.039677,-1.385271,-5.3034472,-21.45161,-1.1211172,-5.0321717,-19.029623,-1.8222613,-4.3332233
56.936115,24.099632,47.97651,0.86877865,-23.334848,-31.365078,0.5138092,6.357419,1.2622658,-20.74486,-1.0777545,-4.1643124,-22.777178,-0.9991276,-4.786875,-19.915148,-1.6359131,-3.9373627
60.85518,7.6313767,32.78797,1.5908196,-36.162598,-39.70168,-17.581814,3.868865,-1.4589775,-18.893152,-1.178365,-4.1974525,-20.285345,-0.97692406,-4.4537735,-17.506647,-1.6597549,-4.213489
54.27869,-7.6797757,14.400639,9.019709,-57.579838,-59.572014,8.308745,-12.835659,-18.270855,-20.884615,-1.1103145,-4.4748034,-21.217262,-1.111186,-4.935574,-19.4301,-1.5626172,-4.2665873
58.051468,13.860437,37.237354,1.5268837,-32.069736,-38.655643,-13.137205,4.7406764,-0.4646978,-20.423811,-0.8264235,-3.6017404,-22.565273,-1.0311767,-4.526413,-19.830997,-1.7270145,-4.3609567
52.411446,18.37682,38.983833,5.0837946,-25.638302,-31.396849,-3.5354614,5.5656686,0.94622755,-22.107647,-2.1562276,-6.750881,-25.12807,-1.5042527,-6.3236437,-22.217245,-2.46972,-5.5242476
34.68382,19.65816,40.389,-13.82765,-25.53328,-35.04439,-30.418983,4.564552,-5.3721986,-17.755293,-1.2323412,-4.209052,-20.266867,-1.0342995,-4.684773,-16.663162,-1.7074366,-3.9274411
52.666164,5.1138725,30.121365,-4.398047,-35.25844,-41.488567,-23.312965,0.73905075,-5.856309,-20.235643,-1.0012245,-4.2081127,-21.846771,-1.008298,-4.6754513,-19.244024,-1.6329838,-4.073682
40.611332,16.606579,37.822803,-16.176361,-27.084068,-37.026627,-23.500793,4.213423,-3.9421089,-19.345585,-0.88921463,-4.031101,-21.251064,-1.0586231,-4.453947,-18.086838,-1.2951688,-3.6223156
54.256138,15.79427,39.195225,-1.6517304,-29.57402,-37.072155,-13.246479,4.588908,-1.4018673,-19.233818,-1.0202796,-3.789023,-21.472216,-0.9400518,-4.5145526,-18.344357,-1.3294811,-3.6948347
64.132706,11.379961,35.5671,8.074085,-37.88207,-42.149357,-1.8931348,2.8693135,-1.8506366,-21.292458,-1.259424,-4.7481914,-23.710285,-1.1523739,-5.003715,-20.777853,-2.2286263,-4.77724
38.662888,10.80221,32.23991,-14.616655,-31.00774,-40.525215,-31.133747,2.6446383,-6.9146595,-17.487194,-0.81627125,-3.515683,-18.99673,-0.82649064,-4.0223627,-16.259188,-1.1411377,-3.479816
44.725605,-8.053363,15.354842,-10.730756,-42.69694,-45.90855,-34.82304,1.7471398,-5.3847938,-17.551199,-1.2521056,-4.6596212,-18.752777,-1.0093956,-4.6188645,-16.843756,-1.9488045,-4.0435333
34.291283,19.080366,35.997894,-11.592914,-24.681496,-33.155872,-22.788336,4.074454,-5.421067,-17.26306,-1.4516289,-5.302035,-18.480667,-1.2442946,-5.2109733,-16.604012,-1.7783569,-4.0519896
60.0106,12.009422,35.839233,3.2557518,-31.397549,-38.17386,-8.048902,2.34997,-3.2672226,-21.312746,-1.2084537,-4.853692,-23.70736,-1.1297802,-5.1542645,-20.941637,-1.731243,-4.5168314
53.367733,23.791834,46.44851,2.397631,-22.08975,-29.936533,-0.044825736,7.1286764,1.8968378,-20.307821,-1.1388367,-4.75379,-22.550457,-1.1179435,-5.068372,-19.52418,-1.6612489,-3.9009626
43.84884,19.323595,42.260895,-6.7303,-24.780006,-33.15201,-18.810053,4.7764196,-1.8954325,-19.741072,-1.5029113,-4.7555213,-21.666496,-1.1870983,-5.029861,-19.69853,-1.7939417,-4.637961
50.69343,11.313417,35.30638,-4.192677,-29.793362,-36.09813,-15.143224,0.79200596,-3.3303108,-21.660051,-1.0875132,-4.6485085,-23.726046,-1.2086558,-5.279443,-21.700958,-2.0278542,-4.585587
42.292767,10.970227,29.436491,-4.470342,-30.922512,-36.794666,-23.99113,4.1883707,-3.3301673,-14.082893,-0.7507671,-4.0253305,-14.598271,-0.7649686,-3.7049897,-12.8409395,-1.2371768,-3.2220259
35.21672,18.682726,38.40241,-7.7847476,-24.220242,-31.428417,-16.62742,5.979356,-0.40666142,-18.35364,-1.6949617,-5.893959,-19.428804,-1.1913873,-5.539665,-17.631937,-1.8576976,-4.5207725
60.876503,10.723078,34.3546,2.7890346,-32.85642,-39.144924,-4.747387,3.8888304,0.066419065,-20.974493,-0.966951,-3.8165886,-22.553492,-0.94379395,-4.4937706,-20.068802,-1.6240861,-4.22767
57.457527,15.618171,38.308315,2.4967513,-28.831106,-34.884186,-10.176434,5.500383,0.1795776,-18.407162,-1.0044783,-4.122278,-20.220686,-0.9283674,-4.577704,-17.601538,-1.5449066,-3.9098425
52.86782,-14.659604,7.918909,5.0749598,-64.219894,-66.88337,5.8479133,-20.717854,-27.432554,-19.573391,-1.0198158,-3.671892,-20.06259,-0.8931037,-4.2523327,-17.737303,-1.1711556,-3.9518433
29.809942,20.512571,41.75769,-13.304885,-23.495115,-32.371174,-27.314537,3.8325708,-7.4467382,-13.689004,-1.7933476,-4.4135475,-14.948229,-0.96861464,-4.553207,-11.871609,-1.3768222,-3.6842093
36.414352,20.369432,38.593063,-11.380391,-23.961313,-32.3969,-18.375666,5.384319,-1.9851576,-14.229605,-0.9940617,-3.5338001,-14.895706,-0.69868904,-3.409531,-12.480472,-0.91389704,-3.0782597
62.49607,11.652544,33.64528,11.285043,-38.294155,-43.518894,6.126118,-0.83693635,-6.5917516,-23.219614,-1.5167716,-5.3220925,-26.334095,-1.3273532,-5.769865,-22.953773,-2.0490487,-4.850934
43.766224,16.86944,39.437767,-11.599694,-27.04849,-35.244415,-15.449366,3.3430007,-2.625196,-19.876408,-0.90927905,-4.0592937,-21.241772,-0.90142465,-4.4449916,-19.165905,-1.2173531,-3.684724
50.917038,24.894482,47.860073,-0.75920266,-22.25704,-30.364395,-2.0284586,6.180091,0.62973636,-20.630373,-0.99312365,-4.2395964,-23.492777,-1.1022143,-4.9913907,-20.342411,-1.758333,-4.198515
46.596756,1.6786532,12.511517,6.6205025,-31.57164,-33.597816,-11.165625,3.8841386,-0.07654944,-19.753809,-1.7949506,-6.859864,-19.056032,-1.4241549,-5.816838,-18.99131,-2.3166597,-4.831156
55.91078,-2.9589286,22.668486,1.4937236,-40.439278,-42.18983,-27.299538,1.1020632,-5.603822,-19.243095,-1.3134565,-4.859892,-21.545183,-1.0029222,-4.930282,-18.819527,-1.7738417,-4.336462
32.84941,23.785786,44.326332,-12.063493,-21.26918,-29.742386,-6.7079005,6.034396,-1.0802089,-19.150312,-1.1031991,-4.713422,-20.815395,-1.069163,-4.9283195,-18.695894,-1.2851593,-4.044523
35.617516,27.025593,50.045288,-19.452715,-20.327404,-30.948374,-17.172157,7.3654184,-2.0003073,-9.2833,-1.4570136,-2.1975245,-9.408502,-0.641389,-2.4006736,-6.5289717,-1.2914401,-2.821911
43.70412,15.348349,35.088234,-6.039814,-28.548395,-36.79074,-21.034082,2.9490716,-4.8696337,-18.131786,-0.9507376,-3.856824,-19.446049,-0.8758835,-4.266055,-16.984236,-1.2739611,-3.7533534
